Date,T.CFE,TF.CFE,TS.CFE
2015-01-05,1.0,1.0,1.0
2015-01-06,1.0,1.0,1.0
2015-01-07,1.0,1.0,1.0
2015-01-08,1.0,1.0,1.0
2015-01-09,1.0,1.0,1.0
2015-01-12,1.0,1.0,1.0
2015-01-13,1.0,0.999997,1.0
2015-01-14,1.0,0.999994,1.0
2015-01-15,1.0,0.999991,1.0
2015-01-16,1.0,0.999988,1.0
2015-01-19,1.0,0.999985,1.0
2015-01-20,1.0,0.999982,1.0
2015-01-21,1.0,0.999979,1.0
2015-01-22,1.0,0.999976,1.0
2015-01-23,1.0,0.999973,1.0
2015-01-26,1.0,0.999973,1.0
2015-01-27,1.0,0.99997,1.0
2015-01-28,1.0,0.999967,1.0
2015-01-29,1.0,0.999964,1.0
2015-01-30,1.0,0.999961,1.0
2015-02-02,1.0,0.999958,1.0
2015-02-03,1.0,0.999955,1.0
2015-02-04,1.0,0.999955,1.0
2015-02-05,1.0,0.999952,1.0
2015-02-06,1.0,0.999949,1.0
2015-02-09,1.0,0.999946,1.0
2015-02-10,1.0,0.999943,1.0
2015-02-11,1.0,0.99994,1.0
2015-02-12,1.0,0.999937,1.0
2015-02-13,1.0,0.999937,1.0
2015-02-16,1.0,0.999934,1.0
2015-02-17,1.0,0.999934,1.0
2015-02-25,1.0,0.999934,1.0
2015-02-26,1.0,0.999931,1.0
2015-02-27,1.0,0.999928,1.0
2015-03-02,1.0,0.999925,1.0
2015-03-03,1.0,0.999922,1.0
2015-03-04,1.0,0.999919,1.0
2015-03-05,1.0,0.999916,1.0
2015-03-06,1.0,0.999916,1.0
2015-03-09,1.0,0.999916,1.0
2015-03-10,1.0,0.999916,1.0
2015-03-11,1.0,0.999916,1.0
2015-03-12,1.0,0.999916,1.0
2015-03-13,1.0,0.999916,1.0
2015-03-16,1.0,0.999916,1.0
2015-03-17,1.0,0.999916,1.0
2015-03-18,1.0,0.999916,1.0
2015-03-19,1.0,0.999916,1.0
2015-03-20,1.0,0.999916,1.0
2015-03-23,1.0,0.999916,1.0
2015-03-24,1.0,0.999916,1.0
2015-03-25,1.0,0.999916,1.0
2015-03-26,1.0,0.999913,1.0
2015-03-27,1.0,0.99991,1.0
2015-03-30,1.0,0.999907,1.0
2015-03-31,0.999997,0.999904,1.0
2015-04-01,0.999997,0.999901,1.0
2015-04-02,0.999994,0.999898,1.0
2015-04-03,0.999994,0.999898,1.0
2015-04-07,0.999991,0.999895,1.0
2015-04-08,0.999991,0.999895,1.0
2015-04-09,0.999988,0.999895,1.0
2015-04-10,0.999988,0.999895,1.0
2015-04-13,0.999988,0.999895,1.0
2015-04-14,0.999988,0.999892,1.0
2015-04-15,0.999985,0.999889,1.0
2015-04-16,0.999982,0.999889,1.0
2015-04-17,0.999979,0.999889,1.0
2015-04-20,0.999976,0.999886,1.0
2015-04-21,0.999973,0.999886,1.0
2015-04-22,0.999973,0.999886,1.0
2015-04-23,0.999973,0.999886,1.0
2015-04-24,0.999973,0.999886,1.0
2015-04-27,0.999973,0.999883,1.0
2015-04-28,0.99997,0.99988,1.0
2015-04-29,0.99997,0.99988,1.0
2015-04-30,0.999967,0.99988,1.0
2015-05-04,0.999964,0.999877,1.0
2015-05-05,0.999961,0.999874,1.0
2015-05-06,0.999961,0.999871,1.0
2015-05-07,0.999958,0.999868,1.0
2015-05-08,0.999958,0.999868,1.0
2015-05-11,0.999955,0.999865,1.0
2015-05-12,0.999955,0.999865,1.0
2015-05-13,0.999952,0.999862,1.0
2015-05-14,0.999949,0.999862,1.0
2015-05-15,0.999946,0.999862,1.0
2015-05-18,0.999946,0.999859,1.0
2015-05-19,0.999943,0.999859,1.0
2015-05-20,0.999943,0.999859,1.0
2015-05-21,0.999943,0.999859,1.0
2015-05-22,0.999943,0.999859,1.0
2015-05-25,0.999943,0.999859,1.0
2015-05-26,0.999943,0.999856,1.0
2015-05-27,0.999943,0.999856,1.0
2015-05-28,0.99994,0.999853,1.0
2015-05-29,0.99994,0.999853,1.0
2015-06-01,0.99994,0.999853,1.0
2015-06-02,0.999937,0.99985,1.0
2015-06-03,0.999937,0.999847,1.0
2015-06-04,0.999937,0.999847,1.0
2015-06-05,0.999937,0.999847,1.0
2015-06-08,0.999937,0.999847,1.0
2015-06-09,0.999937,0.999847,1.0
2015-06-10,0.999934,0.999844,1.0
2015-06-11,0.999934,0.999844,1.0
2015-06-12,0.999934,0.999844,1.0
2015-06-15,0.999934,0.999844,1.0
2015-06-16,0.999931,0.999841,1.0
2015-06-17,0.999928,0.999841,1.0
2015-06-18,0.999928,0.999841,1.0
2015-06-19,0.999925,0.999841,1.0
2015-06-23,0.999922,0.999838,1.0
2015-06-24,0.999919,0.999838,1.0
2015-06-25,0.999916,0.999835,1.0
2015-06-26,0.999913,0.999832,1.0
2015-06-29,0.99991,0.999829,1.0
2015-06-30,0.99991,0.999829,1.0
2015-07-01,0.99991,0.999829,1.0
2015-07-02,0.999907,0.999826,1.0
2015-07-03,0.999907,0.999826,1.0
2015-07-06,0.999904,0.999823,1.0
2015-07-07,0.999901,0.99982,1.0
2015-07-08,0.999898,0.999817,1.0
2015-07-09,0.999895,0.999814,1.0
2015-07-10,0.999892,0.999811,1.0
2015-07-13,0.999889,0.999808,1.0
2015-07-14,0.999889,0.999808,1.0
2015-07-15,0.999889,0.999808,1.0
2015-07-16,0.999889,0.999808,1.0
2015-07-17,0.999889,0.999808,1.0
2015-07-20,0.999889,0.999808,1.0
2015-07-21,0.999886,0.999805,1.0
2015-07-22,0.999886,0.999802,1.0
2015-07-23,0.999883,0.999799,1.0
2015-07-24,0.99988,0.999796,1.0
2015-07-27,0.99988,0.999796,1.0
2015-07-28,0.999877,0.999796,1.0
2015-07-29,0.999877,0.999796,1.0
2015-07-30,0.999877,0.999796,1.0
2015-07-31,0.999874,0.999793,1.0
2015-08-03,0.999871,0.99979,1.0
2015-08-04,0.999871,0.99979,1.0
2015-08-05,0.999871,0.99979,1.0
2015-08-06,0.999871,0.99979,1.0
2015-08-07,0.999871,0.99979,1.0
2015-08-10,0.999871,0.99979,1.0
2015-08-11,0.999871,0.999787,1.0
2015-08-12,0.999868,0.999784,1.0
2015-08-13,0.999868,0.999784,1.0
2015-08-14,0.999868,0.999784,1.0
2015-08-17,0.999865,0.999781,1.0
2015-08-18,0.999862,0.999781,1.0
2015-08-19,0.999862,0.999781,1.0
2015-08-20,0.999862,0.999778,1.0
2015-08-21,0.999859,0.999775,1.0
2015-08-24,0.999856,0.999772,1.0
2015-08-25,0.999853,0.999769,1.0
2015-08-26,0.99985,0.999766,1.0
2015-08-27,0.99985,0.999763,1.0
2015-08-28,0.999847,0.99976,1.0
2015-08-31,0.999847,0.99976,1.0
2015-09-01,0.999844,0.99976,1.0
2015-09-02,0.999844,0.99976,1.0
2015-09-07,0.999841,0.999757,1.0
2015-09-08,0.999838,0.999754,1.0
2015-09-09,0.999835,0.999751,1.0
2015-09-10,0.999832,0.999748,1.0
2015-09-11,0.999832,0.999748,1.0
2015-09-14,0.999829,0.999745,1.0
2015-09-15,0.999826,0.999745,1.0
2015-09-16,0.999826,0.999745,1.0
2015-09-17,0.999826,0.999745,1.0
2015-09-18,0.999823,0.999742,1.0
2015-09-21,0.999823,0.999742,1.0
2015-09-22,0.999823,0.999742,1.0
2015-09-23,0.99982,0.999739,1.0
2015-09-24,0.99982,0.999736,1.0
2015-09-25,0.99982,0.999736,1.0
2015-09-28,0.99982,0.999736,1.0
2015-09-29,0.999817,0.999733,1.0
2015-09-30,0.999814,0.99973,1.0
2015-10-08,0.999811,0.999727,1.0
2015-10-09,0.999808,0.999724,1.0
2015-10-12,0.999805,0.999721,1.0
2015-10-13,0.999805,0.999718,1.0
2015-10-14,0.999802,0.999715,1.0
2015-10-15,0.999799,0.999715,1.0
2015-10-16,0.999796,0.999712,1.0
2015-10-19,0.999796,0.999712,1.0
2015-10-20,0.999793,0.999709,1.0
2015-10-21,0.99979,0.999706,1.0
2015-10-22,0.999787,0.999706,1.0
2015-10-23,0.999784,0.999706,1.0
2015-10-26,0.999781,0.999703,1.0
2015-10-27,0.999778,0.9997,1.0
2015-10-28,0.999775,0.999697,1.0
2015-10-29,0.999772,0.999694,1.0
2015-10-30,0.999772,0.999694,1.0
2015-11-02,0.999772,0.999694,1.0
2015-11-03,0.999772,0.999694,1.0
2015-11-04,0.999772,0.999694,1.0
2015-11-05,0.999772,0.999694,1.0
2015-11-06,0.999772,0.999694,1.0
2015-11-09,0.999769,0.999691,1.0
2015-11-10,0.999766,0.999688,1.0
2015-11-11,0.999763,0.999685,1.0
2015-11-12,0.99976,0.999685,1.0
2015-11-13,0.99976,0.999682,1.0
2015-11-16,0.99976,0.999679,1.0
2015-11-17,0.99976,0.999679,1.0
2015-11-18,0.99976,0.999679,1.0
2015-11-19,0.99976,0.999679,1.0
2015-11-20,0.999757,0.999679,1.0
2015-11-23,0.999754,0.999679,1.0
2015-11-24,0.999751,0.999679,1.0
2015-11-25,0.999748,0.999676,1.0
2015-11-26,0.999745,0.999673,1.0
2015-11-27,0.999745,0.99967,1.0
2015-11-30,0.999745,0.99967,1.0
2015-12-01,0.999742,0.99967,1.0
2015-12-02,0.999742,0.99967,1.0
2015-12-03,0.999742,0.99967,1.0
2015-12-04,0.999742,0.99967,1.0
2015-12-07,0.999739,0.99967,1.0
2015-12-08,0.999739,0.99967,1.0
2015-12-09,0.999736,0.999667,1.0
2015-12-10,0.999736,0.999667,1.0
2015-12-11,0.999736,0.999667,1.0
2015-12-14,0.999733,0.999664,1.0
2015-12-15,0.99973,0.999661,1.0
2015-12-16,0.99973,0.999661,1.0
2015-12-17,0.999727,0.999661,1.0
2015-12-18,0.999724,0.999658,1.0
2015-12-21,0.999721,0.999655,1.0
2015-12-22,0.999718,0.999652,1.0
2015-12-23,0.999718,0.999652,1.0
2015-12-24,0.999718,0.999652,1.0
2015-12-25,0.999718,0.999652,1.0
2015-12-28,0.999718,0.999652,1.0
2015-12-29,0.999718,0.999652,1.0
2015-12-30,0.999715,0.999649,1.0
2015-12-31,0.999715,0.999649,1.0
2016-01-04,0.999712,0.999646,1.0
2016-01-05,0.999709,0.999646,1.0
2016-01-06,0.999706,0.999643,1.0
2016-01-07,0.999703,0.999643,1.0
2016-01-08,0.9997,0.99964,1.0
2016-01-11,0.999697,0.99964,1.0
2016-01-12,0.999697,0.99964,1.0
2016-01-13,0.999694,0.999637,1.0
2016-01-14,0.999691,0.999637,1.0
2016-01-15,0.999688,0.999634,1.0
2016-01-18,0.999688,0.999634,1.0
2016-01-19,0.999688,0.999634,1.0
2016-01-20,0.999685,0.999631,1.0
2016-01-21,0.999685,0.999631,1.0
2016-01-22,0.999682,0.999631,1.0
2016-01-25,0.999679,0.999628,1.0
2016-01-26,0.999676,0.999625,1.0
2016-01-27,0.999673,0.999622,1.0
2016-01-28,0.999673,0.999619,1.0
2016-01-29,0.99967,0.999616,1.0
2016-02-01,0.99967,0.999616,1.0
2016-02-02,0.99967,0.999616,1.0
2016-02-03,0.999667,0.999613,1.0
2016-02-04,0.999667,0.999613,1.0
2016-02-05,0.999667,0.999613,1.0
2016-02-15,0.999664,0.999613,1.0
2016-02-16,0.999661,0.999613,1.0
2016-02-17,0.999658,0.999613,1.0
2016-02-18,0.999655,0.999613,1.0
2016-02-19,0.999652,0.999613,1.0
2016-02-22,0.999649,0.99961,1.0
2016-02-23,0.999646,0.999607,1.0
2016-02-24,0.999643,0.999604,1.0
2016-02-25,0.99964,0.999601,1.0
2016-02-26,0.999637,0.999598,1.0
2016-02-29,0.999637,0.999598,1.0
2016-03-01,0.999634,0.999595,1.0
2016-03-02,0.999634,0.999595,1.0
2016-03-03,0.999634,0.999592,1.0
2016-03-04,0.999631,0.999589,1.0
2016-03-07,0.999628,0.999586,1.0
2016-03-08,0.999625,0.999583,1.0
2016-03-09,0.999622,0.99958,1.0
2016-03-10,0.999619,0.999577,1.0
2016-03-11,0.999616,0.999574,1.0
2016-03-14,0.999613,0.999571,1.0
2016-03-15,0.999613,0.999571,1.0
2016-03-16,0.99961,0.999568,1.0
2016-03-17,0.999607,0.999565,1.0
2016-03-18,0.999604,0.999565,1.0
2016-03-21,0.999601,0.999562,1.0
2016-03-22,0.999601,0.999562,1.0
2016-03-23,0.999601,0.999562,1.0
2016-03-24,0.999598,0.999559,1.0
2016-03-25,0.999595,0.999559,1.0
2016-03-28,0.999592,0.999559,1.0
2016-03-29,0.999589,0.999559,1.0
2016-03-30,0.999589,0.999556,1.0
2016-03-31,0.999589,0.999556,1.0
2016-04-01,0.999589,0.999556,1.0
2016-04-05,0.999586,0.999556,1.0
2016-04-06,0.999586,0.999556,1.0
2016-04-07,0.999586,0.999556,1.0
2016-04-08,0.999583,0.999553,1.0
2016-04-11,0.999583,0.999553,1.0
2016-04-12,0.999583,0.999553,1.0
2016-04-13,0.99958,0.99955,1.0
2016-04-14,0.99958,0.99955,1.0
2016-04-15,0.999577,0.99955,1.0
2016-04-18,0.999574,0.999547,1.0
2016-04-19,0.999574,0.999547,1.0
2016-04-20,0.999571,0.999544,1.0
2016-04-21,0.999571,0.999544,1.0
2016-04-22,0.999568,0.999541,1.0
2016-04-25,0.999568,0.999538,1.0
2016-04-26,0.999565,0.999535,1.0
2016-04-27,0.999565,0.999535,1.0
2016-04-28,0.999565,0.999535,1.0
2016-04-29,0.999565,0.999535,1.0
2016-05-03,0.999562,0.999532,1.0
2016-05-04,0.999562,0.999532,1.0
2016-05-05,0.999562,0.999532,1.0
2016-05-06,0.999562,0.999529,1.0
2016-05-09,0.999559,0.999526,1.0
2016-05-10,0.999556,0.999523,1.0
2016-05-11,0.999553,0.99952,1.0
2016-05-12,0.99955,0.999517,1.0
2016-05-13,0.999547,0.999514,1.0
2016-05-16,0.999544,0.999511,1.0
2016-05-17,0.999544,0.999511,1.0
2016-05-18,0.999541,0.999508,1.0
2016-05-19,0.999538,0.999505,1.0
2016-05-20,0.999535,0.999505,1.0
2016-05-23,0.999535,0.999505,1.0
2016-05-24,0.999532,0.999502,1.0
2016-05-25,0.999532,0.999502,1.0
2016-05-26,0.999529,0.999499,1.0
2016-05-27,0.999526,0.999496,1.0
2016-05-30,0.999523,0.999496,1.0
2016-05-31,0.99952,0.999493,1.0
2016-06-01,0.999517,0.999493,1.0
2016-06-02,0.999517,0.999493,1.0
2016-06-03,0.999514,0.99949,1.0
2016-06-06,0.999511,0.999487,1.0
2016-06-07,0.999508,0.999487,1.0
2016-06-08,0.999508,0.999487,1.0
2016-06-13,0.999505,0.999484,1.0
2016-06-14,0.999502,0.999481,1.0
2016-06-15,0.999499,0.999481,1.0
2016-06-16,0.999496,0.999478,1.0
2016-06-17,0.999493,0.999475,1.0
2016-06-20,0.99949,0.999472,1.0
2016-06-21,0.999487,0.999469,1.0
2016-06-22,0.999484,0.999466,1.0
2016-06-23,0.999484,0.999463,1.0
2016-06-24,0.999481,0.99946,1.0
2016-06-27,0.999481,0.99946,1.0
2016-06-28,0.999481,0.999457,1.0
2016-06-29,0.999478,0.999454,1.0
2016-06-30,0.999475,0.999454,1.0
2016-07-01,0.999472,0.999451,1.0
2016-07-04,0.999469,0.999448,1.0
2016-07-05,0.999466,0.999445,1.0
2016-07-06,0.999463,0.999442,1.0
2016-07-07,0.99946,0.999439,1.0
2016-07-08,0.999457,0.999436,1.0
2016-07-11,0.999454,0.999433,1.0
2016-07-12,0.999451,0.99943,1.0
2016-07-13,0.999448,0.999427,1.0
2016-07-14,0.999445,0.999427,1.0
2016-07-15,0.999442,0.999427,1.0
2016-07-18,0.999439,0.999424,1.0
2016-07-19,0.999439,0.999424,1.0
2016-07-20,0.999436,0.999424,1.0
2016-07-21,0.999433,0.999421,1.0
2016-07-22,0.99943,0.999418,1.0
2016-07-25,0.999427,0.999418,1.0
2016-07-26,0.999424,0.999415,1.0
2016-07-27,0.999421,0.999412,1.0
2016-07-28,0.999418,0.999409,1.0
2016-07-29,0.999415,0.999406,1.0
2016-08-01,0.999412,0.999403,1.0
2016-08-02,0.999412,0.999403,1.0
2016-08-03,0.999412,0.999403,1.0
2016-08-04,0.999412,0.999403,1.0
2016-08-05,0.999409,0.9994,1.0
2016-08-08,0.999406,0.999397,1.0
2016-08-09,0.999406,0.999397,1.0
2016-08-10,0.999403,0.999394,1.0
2016-08-11,0.9994,0.999394,1.0
2016-08-12,0.9994,0.999394,1.0
2016-08-15,0.999397,0.999391,1.0
2016-08-16,0.999397,0.999388,1.0
2016-08-17,0.999394,0.999385,1.0
2016-08-18,0.999391,0.999382,1.0
2016-08-19,0.999388,0.999379,1.0
2016-08-22,0.999388,0.999376,1.0
2016-08-23,0.999388,0.999376,1.0
2016-08-24,0.999385,0.999373,1.0
2016-08-25,0.999382,0.99937,1.0
2016-08-26,0.999382,0.99937,1.0
2016-08-29,0.999379,0.999367,1.0
2016-08-30,0.999379,0.999367,1.0
2016-08-31,0.999376,0.999364,1.0
2016-09-01,0.999373,0.999364,1.0
2016-09-02,0.99937,0.999361,1.0
2016-09-05,0.99937,0.999361,1.0
2016-09-06,0.99937,0.999358,1.0
2016-09-07,0.999367,0.999355,1.0
2016-09-08,0.999364,0.999352,1.0
2016-09-09,0.999361,0.999352,1.0
2016-09-12,0.999358,0.999349,1.0
2016-09-13,0.999355,0.999346,1.0
2016-09-14,0.999352,0.999343,1.0
2016-09-19,0.999352,0.99934,1.0
2016-09-20,0.999349,0.99934,1.0
2016-09-21,0.999346,0.999337,1.0
2016-09-22,0.999343,0.999334,1.0
2016-09-23,0.999343,0.999334,1.0
2016-09-26,0.999343,0.999334,1.0
2016-09-27,0.999343,0.999331,1.0
2016-09-28,0.999343,0.999331,1.0
2016-09-29,0.999343,0.999331,1.0
2016-09-30,0.999343,0.999331,1.0
2016-10-10,0.99934,0.999328,1.0
2016-10-11,0.99934,0.999328,1.0
2016-10-12,0.999337,0.999325,1.0
2016-10-13,0.999334,0.999322,1.0
2016-10-14,0.999334,0.999322,1.0
2016-10-17,0.999334,0.999322,1.0
2016-10-18,0.999334,0.999322,1.0
2016-10-19,0.999334,0.999322,1.0
2016-10-20,0.999331,0.999319,1.0
2016-10-21,0.999331,0.999316,1.0
2016-10-24,0.999328,0.999316,1.0
2016-10-25,0.999325,0.999313,1.0
2016-10-26,0.999322,0.99931,1.0
2016-10-27,0.999322,0.99931,1.0
2016-10-28,0.999322,0.99931,1.0
2016-10-31,0.999322,0.99931,1.0
2016-11-01,0.999319,0.999307,1.0
2016-11-02,0.999319,0.999307,1.0
2016-11-03,0.999319,0.999307,1.0
2016-11-04,0.999319,0.999307,1.0
2016-11-07,0.999319,0.999307,1.0
2016-11-08,0.999319,0.999307,1.0
2016-11-09,0.999319,0.999307,1.0
2016-11-10,0.999316,0.999304,1.0
2016-11-11,0.999313,0.999304,1.0
2016-11-14,0.99931,0.999301,1.0
2016-11-15,0.999307,0.999298,1.0
2016-11-16,0.999307,0.999298,1.0
2016-11-17,0.999304,0.999295,1.0
2016-11-18,0.999301,0.999295,1.0
2016-11-21,0.999301,0.999292,1.0
2016-11-22,0.999298,0.999289,1.0
2016-11-23,0.999298,0.999289,1.0
2016-11-24,0.999295,0.999286,1.0
2016-11-25,0.999295,0.999286,1.0
2016-11-28,0.999295,0.999286,1.0
2016-11-29,0.999292,0.999283,1.0
2016-11-30,0.999289,0.99928,1.0
2016-12-01,0.999286,0.999277,1.0
2016-12-02,0.999286,0.999277,1.0
2016-12-05,0.999283,0.999277,1.0
2016-12-06,0.99928,0.999274,1.0
2016-12-07,0.999277,0.999274,1.0
2016-12-08,0.999274,0.999271,1.0
2016-12-09,0.999274,0.999271,1.0
2016-12-12,0.999271,0.999268,1.0
2016-12-13,0.999271,0.999265,1.0
2016-12-14,0.999268,0.999262,1.0
2016-12-15,0.999265,0.999259,1.0
2016-12-16,0.999262,0.999256,1.0
2016-12-19,0.999259,0.999253,1.0
2016-12-20,0.999256,0.99925,1.0
2016-12-21,0.999253,0.999247,1.0
2016-12-22,0.99925,0.999244,1.0
2016-12-23,0.99925,0.999244,1.0
2016-12-26,0.999247,0.999244,1.0
2016-12-27,0.999247,0.999244,1.0
2016-12-28,0.999244,0.999244,1.0
2016-12-29,0.999241,0.999241,1.0
2016-12-30,0.999238,0.999238,1.0
2017-01-03,0.999238,0.999238,1.0
2017-01-04,0.999238,0.999238,1.0
2017-01-05,0.999235,0.999235,1.0
2017-01-06,0.999232,0.999232,1.0
2017-01-09,0.999232,0.999232,1.0
2017-01-10,0.999229,0.999229,1.0
2017-01-11,0.999229,0.999226,1.0
2017-01-12,0.999229,0.999226,1.0
2017-01-13,0.999229,0.999226,1.0
2017-01-16,0.999229,0.999226,1.0
2017-01-17,0.999226,0.999223,1.0
2017-01-18,0.999226,0.999223,1.0
2017-01-19,0.999226,0.999223,1.0
2017-01-20,0.999226,0.999223,1.0
2017-01-23,0.999226,0.999223,1.0
2017-01-24,0.999226,0.999223,1.0
2017-01-25,0.999223,0.999223,1.0
2017-01-26,0.999223,0.999223,1.0
2017-02-03,0.99922,0.999223,1.0
2017-02-06,0.999217,0.99922,1.0
2017-02-07,0.999214,0.999217,1.0
2017-02-08,0.999211,0.999217,1.0
2017-02-09,0.999211,0.999214,1.0
2017-02-10,0.999211,0.999214,1.0
2017-02-13,0.999211,0.999214,1.0
2017-02-14,0.999211,0.999214,1.0
2017-02-15,0.999208,0.999211,1.0
2017-02-16,0.999205,0.999208,1.0
2017-02-17,0.999202,0.999205,1.0
2017-02-20,0.999199,0.999202,1.0
2017-02-21,0.999196,0.999199,1.0
2017-02-22,0.999193,0.999196,1.0
2017-02-23,0.99919,0.999193,1.0
2017-02-24,0.99919,0.999193,1.0
2017-02-27,0.999187,0.99919,1.0
2017-02-28,0.999187,0.99919,1.0
2017-03-01,0.999184,0.999187,1.0
2017-03-02,0.999181,0.999184,1.0
2017-03-03,0.999178,0.999184,1.0
2017-03-06,0.999175,0.999184,1.0
2017-03-07,0.999175,0.999184,1.0
2017-03-08,0.999175,0.999184,1.0
2017-03-09,0.999172,0.999181,1.0
2017-03-10,0.999172,0.999181,1.0
2017-03-13,0.999172,0.999181,1.0
2017-03-14,0.999169,0.999178,1.0
2017-03-15,0.999169,0.999178,1.0
2017-03-16,0.999166,0.999175,1.0
2017-03-17,0.999166,0.999175,1.0
2017-03-20,0.999166,0.999175,1.0
2017-03-21,0.999163,0.999172,1.0
2017-03-22,0.999163,0.999172,1.0
2017-03-23,0.999163,0.999172,1.0
2017-03-24,0.999163,0.999172,1.0
2017-03-27,0.999163,0.999172,1.0
2017-03-28,0.999163,0.999169,1.0
2017-03-29,0.99916,0.999169,1.0
2017-03-30,0.99916,0.999169,1.0
2017-03-31,0.999157,0.999166,1.0
2017-04-05,0.999157,0.999163,1.0
2017-04-06,0.999157,0.999163,1.0
2017-04-07,0.999157,0.99916,1.0
2017-04-10,0.999157,0.99916,1.0
2017-04-11,0.999157,0.99916,1.0
2017-04-12,0.999157,0.99916,1.0
2017-04-13,0.999154,0.999157,1.0
2017-04-14,0.999154,0.999157,1.0
2017-04-17,0.999151,0.999154,1.0
2017-04-18,0.999148,0.999151,1.0
2017-04-19,0.999148,0.999148,1.0
2017-04-20,0.999145,0.999148,1.0
2017-04-21,0.999145,0.999148,1.0
2017-04-24,0.999142,0.999145,1.0
2017-04-25,0.999142,0.999145,1.0
2017-04-26,0.999142,0.999145,1.0
2017-04-27,0.999142,0.999145,1.0
2017-04-28,0.999142,0.999145,1.0
2017-05-02,0.999142,0.999145,1.0
2017-05-03,0.999139,0.999142,1.0
2017-05-04,0.999139,0.999142,1.0
2017-05-05,0.999139,0.999142,1.0
2017-05-08,0.999139,0.999142,1.0
2017-05-09,0.999139,0.999139,1.0
2017-05-10,0.999139,0.999136,1.0
2017-05-11,0.999136,0.999136,1.0
2017-05-12,0.999133,0.999136,1.0
2017-05-15,0.99913,0.999133,1.0
2017-05-16,0.999127,0.999133,1.0
2017-05-17,0.999127,0.999133,1.0
2017-05-18,0.999124,0.99913,1.0
2017-05-19,0.999124,0.99913,1.0
2017-05-22,0.999124,0.99913,1.0
2017-05-23,0.999124,0.99913,1.0
2017-05-24,0.999124,0.99913,1.0
2017-05-25,0.999124,0.999127,1.0
2017-05-26,0.999124,0.999127,1.0
2017-05-31,0.999124,0.999127,1.0
2017-06-01,0.999124,0.999127,1.0
2017-06-02,0.999124,0.999127,1.0
2017-06-05,0.999121,0.999124,1.0
2017-06-06,0.999121,0.999124,1.0
2017-06-07,0.999121,0.999124,1.0
2017-06-08,0.999121,0.999124,1.0
2017-06-09,0.999121,0.999124,1.0
2017-06-12,0.999118,0.999121,1.0
2017-06-13,0.999115,0.999118,1.0
2017-06-14,0.999112,0.999115,1.0
2017-06-15,0.999109,0.999112,1.0
2017-06-16,0.999109,0.999112,1.0
2017-06-19,0.999109,0.999112,1.0
2017-06-20,0.999106,0.999109,1.0
2017-06-21,0.999106,0.999106,1.0
2017-06-22,0.999106,0.999106,1.0
2017-06-23,0.999106,0.999106,1.0
2017-06-26,0.999106,0.999106,1.0
2017-06-27,0.999106,0.999106,1.0
2017-06-28,0.999103,0.999106,1.0
2017-06-29,0.999103,0.999106,1.0
2017-06-30,0.9991,0.999103,1.0
2017-07-03,0.9991,0.999103,1.0
2017-07-04,0.9991,0.999103,1.0
2017-07-05,0.9991,0.999103,1.0
2017-07-06,0.9991,0.999103,1.0
2017-07-07,0.9991,0.999103,1.0
2017-07-10,0.9991,0.999103,1.0
2017-07-11,0.9991,0.999103,1.0
2017-07-12,0.999097,0.999103,1.0
2017-07-13,0.999094,0.9991,1.0
2017-07-14,0.999094,0.9991,1.0
2017-07-17,0.999091,0.999097,1.0
2017-07-18,0.999088,0.999094,1.0
2017-07-19,0.999088,0.999094,1.0
2017-07-20,0.999085,0.999094,1.0
2017-07-21,0.999082,0.999094,1.0
2017-07-24,0.999082,0.999094,1.0
2017-07-25,0.999079,0.999094,1.0
2017-07-26,0.999076,0.999091,1.0
2017-07-27,0.999073,0.999091,1.0
2017-07-28,0.999073,0.999091,1.0
2017-07-31,0.999073,0.999091,1.0
2017-08-01,0.99907,0.999088,1.0
2017-08-02,0.999067,0.999088,1.0
2017-08-03,0.999067,0.999088,1.0
2017-08-04,0.999067,0.999088,1.0
2017-08-07,0.999067,0.999088,1.0
2017-08-08,0.999067,0.999088,1.0
2017-08-09,0.999067,0.999085,1.0
2017-08-10,0.999064,0.999082,1.0
2017-08-11,0.999061,0.999079,1.0
2017-08-14,0.999058,0.999076,1.0
2017-08-15,0.999055,0.999076,1.0
2017-08-16,0.999052,0.999073,1.0
2017-08-17,0.999052,0.99907,1.0
2017-08-18,0.999049,0.99907,1.0
2017-08-21,0.999046,0.99907,1.0
2017-08-22,0.999043,0.99907,1.0
2017-08-23,0.99904,0.999067,1.0
2017-08-24,0.999037,0.999067,1.0
2017-08-25,0.999034,0.999067,1.0
2017-08-28,0.999034,0.999064,1.0
2017-08-29,0.999031,0.999061,1.0
2017-08-30,0.999028,0.999058,1.0
2017-08-31,0.999028,0.999055,1.0
2017-09-01,0.999028,0.999055,1.0
2017-09-04,0.999025,0.999052,1.0
2017-09-05,0.999022,0.999049,1.0
2017-09-06,0.999019,0.999046,1.0
2017-09-07,0.999019,0.999043,1.0
2017-09-08,0.999016,0.99904,1.0
2017-09-11,0.999016,0.999037,1.0
2017-09-12,0.999013,0.999037,1.0
2017-09-13,0.999013,0.999037,1.0
2017-09-14,0.99901,0.999034,1.0
2017-09-15,0.999007,0.999034,1.0
2017-09-18,0.999007,0.999034,1.0
2017-09-19,0.999007,0.999034,1.0
2017-09-20,0.999007,0.999034,1.0
2017-09-21,0.999004,0.999034,1.0
2017-09-22,0.999004,0.999031,1.0
2017-09-25,0.999004,0.999031,1.0
2017-09-26,0.999004,0.999031,1.0
2017-09-27,0.999001,0.999028,1.0
2017-09-28,0.998998,0.999025,1.0
2017-09-29,0.998995,0.999025,1.0
2017-10-09,0.998992,0.999022,1.0
2017-10-10,0.998992,0.999022,1.0
2017-10-11,0.998992,0.999022,1.0
2017-10-12,0.998992,0.999022,1.0
2017-10-13,0.998989,0.999022,1.0
2017-10-16,0.998986,0.999019,1.0
2017-10-17,0.998983,0.999016,1.0
2017-10-18,0.99898,0.999013,1.0
2017-10-19,0.998977,0.99901,1.0
2017-10-20,0.998977,0.99901,1.0
2017-10-23,0.998974,0.99901,1.0
2017-10-24,0.998974,0.99901,1.0
2017-10-25,0.998971,0.99901,1.0
2017-10-26,0.998968,0.999007,1.0
2017-10-27,0.998965,0.999004,1.0
2017-10-30,0.998962,0.999001,1.0
2017-10-31,0.998959,0.998998,1.0
2017-11-01,0.998959,0.998998,1.0
2017-11-02,0.998959,0.998998,1.0
2017-11-03,0.998959,0.998998,1.0
2017-11-06,0.998959,0.998998,1.0
2017-11-07,0.998959,0.998998,1.0
2017-11-08,0.998959,0.998998,1.0
2017-11-09,0.998959,0.998998,1.0
2017-11-10,0.998959,0.998998,1.0
2017-11-13,0.998956,0.998998,1.0
2017-11-14,0.998956,0.998998,1.0
2017-11-15,0.998953,0.998998,1.0
2017-11-16,0.99895,0.998995,1.0
2017-11-17,0.99895,0.998995,1.0
2017-11-20,0.99895,0.998995,1.0
2017-11-21,0.998947,0.998995,1.0
2017-11-22,0.998944,0.998992,1.0
2017-11-23,0.998941,0.998992,1.0
2017-11-24,0.998938,0.998992,1.0
2017-11-27,0.998938,0.998992,1.0
2017-11-28,0.998938,0.998992,1.0
2017-11-29,0.998938,0.998989,1.0
2017-11-30,0.998935,0.998986,1.0
2017-12-01,0.998935,0.998986,1.0
2017-12-04,0.998935,0.998986,1.0
2017-12-05,0.998932,0.998986,1.0
2017-12-06,0.998932,0.998986,1.0
2017-12-07,0.998932,0.998983,1.0
2017-12-08,0.998932,0.998983,1.0
2017-12-11,0.998929,0.998983,1.0
2017-12-12,0.998926,0.998983,1.0
2017-12-13,0.998926,0.99898,1.0
2017-12-14,0.998923,0.998977,1.0
2017-12-15,0.998923,0.998977,1.0
2017-12-18,0.99892,0.998974,1.0
2017-12-19,0.99892,0.998974,1.0
2017-12-20,0.998917,0.998971,1.0
2017-12-21,0.998917,0.998971,1.0
2017-12-22,0.998917,0.998971,1.0
2017-12-25,0.998914,0.998971,1.0
2017-12-26,0.998914,0.998968,1.0
2017-12-27,0.998914,0.998968,1.0
2017-12-28,0.998914,0.998968,1.0
2017-12-29,0.998914,0.998968,1.0
2018-01-02,0.998914,0.998965,1.0
2018-01-03,0.998911,0.998962,1.0
2018-01-04,0.998908,0.998959,1.0
2018-01-05,0.998908,0.998959,1.0
2018-01-08,0.998908,0.998959,1.0
2018-01-09,0.998908,0.998959,1.0
2018-01-10,0.998905,0.998956,1.0
2018-01-11,0.998902,0.998956,1.0
2018-01-12,0.998902,0.998956,1.0
2018-01-15,0.998899,0.998953,1.0
2018-01-16,0.998896,0.99895,1.0
2018-01-17,0.998893,0.99895,1.0
2018-01-18,0.99889,0.998947,1.0
2018-01-19,0.998887,0.998947,1.0
2018-01-22,0.998884,0.998944,1.0
2018-01-23,0.998881,0.998941,1.0
2018-01-24,0.998878,0.998941,1.0
2018-01-25,0.998875,0.998941,1.0
2018-01-26,0.998872,0.998941,1.0
2018-01-29,0.998869,0.998938,1.0
2018-01-30,0.998866,0.998935,1.0
2018-01-31,0.998863,0.998932,1.0
2018-02-01,0.998863,0.998932,1.0
2018-02-02,0.998863,0.998932,1.0
2018-02-05,0.99886,0.998929,1.0
2018-02-06,0.998857,0.998926,1.0
2018-02-07,0.998857,0.998926,1.0
2018-02-08,0.998857,0.998926,1.0
2018-02-09,0.998857,0.998926,1.0
2018-02-12,0.998857,0.998926,1.0
2018-02-13,0.998857,0.998926,1.0
2018-02-14,0.998857,0.998926,1.0
2018-02-22,0.998854,0.998926,1.0
2018-02-23,0.998851,0.998926,1.0
2018-02-26,0.998848,0.998926,1.0
2018-02-27,0.998845,0.998923,1.0
2018-02-28,0.998842,0.99892,1.0
2018-03-01,0.998842,0.99892,1.0
2018-03-02,0.998842,0.99892,1.0
2018-03-05,0.998842,0.99892,1.0
2018-03-06,0.998842,0.99892,1.0
2018-03-07,0.998842,0.998917,1.0
2018-03-08,0.998839,0.998914,1.0
2018-03-09,0.998839,0.998914,1.0
2018-03-12,0.998839,0.998914,1.0
2018-03-13,0.998839,0.998914,1.0
2018-03-14,0.998836,0.998911,1.0
2018-03-15,0.998836,0.998911,1.0
2018-03-16,0.998836,0.998911,1.0
2018-03-19,0.998836,0.998911,1.0
2018-03-20,0.998836,0.998911,1.0
2018-03-21,0.998833,0.998911,1.0
2018-03-22,0.99883,0.998908,1.0
2018-03-23,0.998827,0.998905,1.0
2018-03-26,0.998824,0.998905,1.0
2018-03-27,0.998821,0.998902,1.0
2018-03-28,0.998818,0.998899,1.0
2018-03-29,0.998815,0.998899,1.0
2018-03-30,0.998815,0.998899,1.0
2018-04-02,0.998812,0.998896,1.0
2018-04-03,0.998809,0.998893,1.0
2018-04-04,0.998806,0.998893,1.0
2018-04-09,0.998803,0.99889,1.0
2018-04-10,0.9988,0.99889,1.0
2018-04-11,0.998797,0.998887,1.0
2018-04-12,0.998797,0.998887,1.0
2018-04-13,0.998794,0.998884,1.0
2018-04-16,0.998791,0.998881,1.0
2018-04-17,0.998791,0.998878,1.0
2018-04-18,0.998788,0.998875,1.0
2018-04-19,0.998785,0.998872,1.0
2018-04-20,0.998785,0.998872,1.0
2018-04-23,0.998782,0.998869,1.0
2018-04-24,0.998782,0.998869,1.0
2018-04-25,0.998782,0.998869,1.0
2018-04-26,0.998779,0.998869,1.0
2018-04-27,0.998779,0.998869,1.0
2018-05-02,0.998779,0.998869,1.0
2018-05-03,0.998776,0.998869,1.0
2018-05-04,0.998773,0.998869,1.0
2018-05-07,0.998773,0.998869,1.0
2018-05-08,0.99877,0.998869,1.0
2018-05-09,0.998767,0.998869,1.0
2018-05-10,0.998764,0.998869,1.0
2018-05-11,0.998761,0.998869,1.0
2018-05-14,0.998761,0.998869,1.0
2018-05-15,0.998758,0.998866,1.0
2018-05-16,0.998758,0.998866,1.0
2018-05-17,0.998758,0.998866,1.0
2018-05-18,0.998758,0.998866,1.0
2018-05-21,0.998758,0.998866,1.0
2018-05-22,0.998755,0.998863,1.0
2018-05-23,0.998752,0.998863,1.0
2018-05-24,0.998749,0.998863,1.0
2018-05-25,0.998749,0.998863,1.0
2018-05-28,0.998746,0.99886,1.0
2018-05-29,0.998746,0.99886,1.0
2018-05-30,0.998743,0.998857,1.0
2018-05-31,0.99874,0.998857,1.0
2018-06-01,0.998737,0.998857,1.0
2018-06-04,0.998734,0.998854,1.0
2018-06-05,0.998734,0.998854,1.0
2018-06-06,0.998734,0.998854,1.0
2018-06-07,0.998731,0.998851,1.0
2018-06-08,0.998731,0.998851,1.0
2018-06-11,0.998728,0.998851,1.0
2018-06-12,0.998728,0.998851,1.0
2018-06-13,0.998725,0.998851,1.0
2018-06-14,0.998722,0.998848,1.0
2018-06-15,0.998719,0.998845,1.0
2018-06-19,0.998716,0.998845,1.0
2018-06-20,0.998713,0.998842,1.0
2018-06-21,0.99871,0.998839,1.0
2018-06-22,0.99871,0.998839,1.0
2018-06-25,0.998707,0.998836,1.0
2018-06-26,0.998707,0.998833,1.0
2018-06-27,0.998707,0.998833,1.0
2018-06-28,0.998704,0.99883,1.0
2018-06-29,0.998701,0.998827,1.0
2018-07-02,0.998701,0.998827,1.0
2018-07-03,0.998698,0.998824,1.0
2018-07-04,0.998695,0.998821,1.0
2018-07-05,0.998695,0.998818,1.0
2018-07-06,0.998692,0.998815,1.0
2018-07-09,0.998689,0.998815,1.0
2018-07-10,0.998686,0.998815,1.0
2018-07-11,0.998683,0.998812,1.0
2018-07-12,0.998683,0.998812,1.0
2018-07-13,0.998683,0.998812,1.0
2018-07-16,0.99868,0.998809,1.0
2018-07-17,0.998677,0.998806,1.0
2018-07-18,0.998674,0.998803,1.0
2018-07-19,0.998671,0.9988,1.0
2018-07-20,0.998671,0.998797,1.0
2018-07-23,0.998668,0.998794,1.0
2018-07-24,0.998665,0.998791,1.0
2018-07-25,0.998665,0.998791,1.0
2018-07-26,0.998665,0.998788,1.0
2018-07-27,0.998665,0.998788,1.0
2018-07-30,0.998665,0.998788,1.0
2018-07-31,0.998662,0.998788,1.0
2018-08-01,0.998659,0.998785,1.0
2018-08-02,0.998656,0.998782,1.0
2018-08-03,0.998656,0.998782,1.0
2018-08-06,0.998656,0.998782,1.0
2018-08-07,0.998656,0.998782,1.0
2018-08-08,0.998656,0.998779,1.0
2018-08-09,0.998656,0.998776,1.0
2018-08-10,0.998656,0.998776,1.0
2018-08-13,0.998656,0.998776,1.0
2018-08-14,0.998656,0.998776,1.0
2018-08-15,0.998656,0.998773,1.0
2018-08-16,0.998653,0.99877,1.0
2018-08-17,0.998653,0.998767,1.0
2018-08-20,0.99865,0.998764,1.0
2018-08-21,0.99865,0.998764,1.0
2018-08-22,0.99865,0.998764,1.0
2018-08-23,0.99865,0.998764,1.0
2018-08-24,0.998647,0.998761,1.0
2018-08-27,0.998644,0.998758,1.0
2018-08-28,0.998644,0.998758,1.0
2018-08-29,0.998644,0.998755,1.0
2018-08-30,0.998644,0.998752,1.0
2018-08-31,0.998641,0.998752,1.0
2018-09-03,0.998641,0.998752,1.0
2018-09-04,0.998641,0.998752,1.0
2018-09-05,0.998638,0.998752,1.0
2018-09-06,0.998638,0.998752,1.0
2018-09-07,0.998638,0.998752,1.0
2018-09-10,0.998638,0.998749,1.0
2018-09-11,0.998638,0.998746,1.0
2018-09-12,0.998635,0.998746,1.0
2018-09-13,0.998635,0.998746,1.0
2018-09-14,0.998635,0.998746,1.0
2018-09-17,0.998635,0.998743,1.0
2018-09-18,0.998635,0.998743,1.0
2018-09-19,0.998632,0.99874,0.9999985
2018-09-20,0.998629,0.998737,0.999997
2018-09-21,0.998626,0.998734,0.999997
2018-09-25,0.998626,0.998734,0.999997
2018-09-26,0.998626,0.998734,0.9999955
2018-09-27,0.998623,0.998731,0.999994
2018-09-28,0.998623,0.998731,0.999994
2018-10-08,0.99862,0.998728,0.999994
2018-10-09,0.99862,0.998728,0.999994
2018-10-10,0.998617,0.998725,0.999994
2018-10-11,0.998614,0.998722,0.9999925
2018-10-12,0.998614,0.998719,0.9999925
2018-10-15,0.998614,0.998719,0.9999925
2018-10-16,0.998611,0.998719,0.9999925
2018-10-17,0.998611,0.998719,0.9999925
2018-10-18,0.998608,0.998716,0.9999925
2018-10-19,0.998608,0.998713,0.999991
2018-10-22,0.998605,0.99871,0.999991
2018-10-23,0.998602,0.998707,0.999991
2018-10-24,0.998602,0.998707,0.999991
2018-10-25,0.998602,0.998707,0.9999895
2018-10-26,0.998602,0.998704,0.9999895
2018-10-29,0.998602,0.998704,0.9999895
2018-10-30,0.998602,0.998701,0.9999895
2018-10-31,0.998599,0.998698,0.999988
2018-11-01,0.998599,0.998698,0.999988
2018-11-02,0.998596,0.998695,0.9999865
2018-11-05,0.998593,0.998695,0.999985
2018-11-06,0.998593,0.998695,0.999985
2018-11-07,0.998593,0.998695,0.9999835
2018-11-08,0.998593,0.998692,0.999982
2018-11-09,0.998593,0.998692,0.999982
2018-11-12,0.998593,0.998692,0.999982
2018-11-13,0.99859,0.998689,0.999982
2018-11-14,0.998587,0.998686,0.999982
2018-11-15,0.998587,0.998686,0.999982
2018-11-16,0.998587,0.998686,0.999982
2018-11-19,0.998584,0.998686,0.999982
2018-11-20,0.998584,0.998686,0.999982
2018-11-21,0.998581,0.998683,0.999982
2018-11-22,0.998581,0.998683,0.999982
2018-11-23,0.998581,0.998683,0.999982
2018-11-26,0.998581,0.99868,0.9999805
2018-11-27,0.998581,0.99868,0.999979
2018-11-28,0.998581,0.99868,0.999979
2018-11-29,0.998578,0.998677,0.9999775
2018-11-30,0.998575,0.998677,0.999976
2018-12-03,0.998572,0.998674,0.999976
2018-12-04,0.998569,0.998671,0.999976
2018-12-05,0.998566,0.998668,0.9999745
2018-12-06,0.998563,0.998668,0.9999745
2018-12-07,0.99856,0.998668,0.9999745
2018-12-10,0.998557,0.998668,0.9999745
2018-12-11,0.998557,0.998668,0.9999745
2018-12-12,0.998557,0.998665,0.9999745
2018-12-13,0.998554,0.998665,0.999973
2018-12-14,0.998554,0.998665,0.999973
2018-12-17,0.998554,0.998665,0.9999715
2018-12-18,0.998551,0.998662,0.99997
2018-12-19,0.998551,0.998662,0.99997
2018-12-20,0.998548,0.998659,0.9999685
2018-12-21,0.998548,0.998659,0.999967
2018-12-24,0.998548,0.998659,0.999967
2018-12-25,0.998548,0.998659,0.9999655
2018-12-26,0.998548,0.998659,0.999964
2018-12-27,0.998545,0.998659,0.9999625
2018-12-28,0.998542,0.998656,0.999961
2019-01-02,0.998539,0.998653,0.999961
2019-01-03,0.998539,0.99865,0.999961
2019-01-04,0.998536,0.99865,0.9999595
2019-01-07,0.998533,0.99865,0.9999595
2019-01-08,0.998533,0.99865,0.9999595
2019-01-09,0.99853,0.998647,0.9999595
2019-01-10,0.99853,0.998647,0.999958
2019-01-11,0.99853,0.998644,0.9999565
2019-01-14,0.99853,0.998644,0.9999565
2019-01-15,0.99853,0.998644,0.999955
2019-01-16,0.998527,0.998641,0.9999535
2019-01-17,0.998524,0.998641,0.999952
2019-01-18,0.998521,0.998641,0.999952
2019-01-21,0.998518,0.998638,0.999952
2019-01-22,0.998515,0.998638,0.999952
2019-01-23,0.998515,0.998638,0.999952
2019-01-24,0.998515,0.998638,0.999952
2019-01-25,0.998512,0.998635,0.999952
2019-01-28,0.998509,0.998635,0.999952
2019-01-29,0.998509,0.998632,0.999952
2019-01-30,0.998509,0.998629,0.9999505
2019-01-31,0.998506,0.998626,0.9999505
2019-02-01,0.998506,0.998626,0.9999505
2019-02-11,0.998506,0.998626,0.9999505
2019-02-12,0.998506,0.998626,0.9999505
2019-02-13,0.998506,0.998626,0.9999505
2019-02-14,0.998506,0.998626,0.9999505
2019-02-15,0.998506,0.998626,0.999949
2019-02-18,0.998506,0.998626,0.9999475
2019-02-19,0.998506,0.998623,0.9999475
2019-02-20,0.998506,0.998623,0.9999475
2019-02-21,0.998506,0.998623,0.9999475
2019-02-22,0.998503,0.99862,0.9999475
2019-02-25,0.998503,0.99862,0.9999475
2019-02-26,0.9985,0.998617,0.9999475
2019-02-27,0.998497,0.998614,0.9999475
2019-02-28,0.998497,0.998614,0.9999475
2019-03-01,0.998497,0.998614,0.9999475
2019-03-04,0.998497,0.998611,0.9999475
2019-03-05,0.998497,0.998608,0.9999475
2019-03-06,0.998497,0.998605,0.9999475
2019-03-07,0.998494,0.998602,0.999946
2019-03-08,0.998491,0.998599,0.999946
2019-03-11,0.998491,0.998596,0.999946
2019-03-12,0.998491,0.998596,0.999946
2019-03-13,0.998491,0.998596,0.999946
2019-03-14,0.998491,0.998596,0.999946
2019-03-15,0.998488,0.998596,0.999946
2019-03-18,0.998488,0.998596,0.999946
2019-03-19,0.998488,0.998596,0.999946
2019-03-20,0.998485,0.998593,0.999946
2019-03-21,0.998482,0.99859,0.999946
2019-03-22,0.998482,0.99859,0.999946
2019-03-25,0.998479,0.998587,0.999946
2019-03-26,0.998479,0.998584,0.999946
2019-03-27,0.998479,0.998584,0.999946
2019-03-28,0.998479,0.998581,0.999946
2019-03-29,0.998476,0.998578,0.999946
2019-04-01,0.998473,0.998575,0.999946
2019-04-02,0.99847,0.998572,0.999946
2019-04-03,0.99847,0.998572,0.999946
2019-04-04,0.998467,0.998569,0.9999445
2019-04-08,0.998467,0.998566,0.9999445
2019-04-09,0.998467,0.998566,0.9999445
2019-04-10,0.998467,0.998566,0.9999445
2019-04-11,0.998467,0.998566,0.9999445
2019-04-12,0.998467,0.998566,0.9999445
2019-04-15,0.998464,0.998563,0.9999445
2019-04-16,0.998464,0.998563,0.9999445
2019-04-17,0.998461,0.998563,0.9999445
2019-04-18,0.998461,0.99856,0.9999445
2019-04-19,0.998461,0.99856,0.9999445
2019-04-22,0.998458,0.99856,0.9999445
2019-04-23,0.998458,0.99856,0.9999445
2019-04-24,0.998458,0.99856,0.999943
2019-04-25,0.998455,0.998557,0.999943
2019-04-26,0.998455,0.998557,0.999943
2019-04-29,0.998455,0.998557,0.999943
2019-04-30,0.998452,0.998557,0.999943
2019-05-06,0.998449,0.998554,0.999943
2019-05-07,0.998449,0.998554,0.999943
2019-05-08,0.998446,0.998554,0.9999415
2019-05-09,0.998446,0.998554,0.9999415
2019-05-10,0.998443,0.998554,0.99994
2019-05-13,0.998443,0.998554,0.99994
2019-05-14,0.99844,0.998554,0.99994
2019-05-15,0.99844,0.998554,0.99994
2019-05-16,0.99844,0.998554,0.99994
2019-05-17,0.99844,0.998554,0.99994
2019-05-20,0.99844,0.998551,0.9999385
2019-05-21,0.998437,0.998551,0.9999385
2019-05-22,0.998434,0.998551,0.9999385
2019-05-23,0.998431,0.998551,0.999937
2019-05-24,0.998428,0.998548,0.9999355
2019-05-27,0.998425,0.998545,0.999934
2019-05-28,0.998422,0.998542,0.999934
2019-05-29,0.998419,0.998539,0.9999325
2019-05-30,0.998416,0.998539,0.9999325
2019-05-31,0.998413,0.998536,0.9999325
2019-06-03,0.99841,0.998533,0.9999325
2019-06-04,0.99841,0.998533,0.9999325
2019-06-05,0.998407,0.998533,0.9999325
2019-06-06,0.998407,0.998533,0.9999325
2019-06-10,0.998404,0.998533,0.9999325
2019-06-11,0.998401,0.998533,0.9999325
2019-06-12,0.998401,0.99853,0.9999325
2019-06-13,0.998398,0.99853,0.9999325
2019-06-14,0.998398,0.99853,0.9999325
2019-06-17,0.998398,0.99853,0.9999325
2019-06-18,0.998398,0.99853,0.9999325
2019-06-19,0.998395,0.998527,0.9999325
2019-06-20,0.998392,0.998524,0.9999325
2019-06-21,0.998389,0.998521,0.999931
2019-06-24,0.998389,0.998521,0.999931
2019-06-25,0.998389,0.998521,0.999931
2019-06-26,0.998386,0.998518,0.999931
2019-06-27,0.998383,0.998518,0.999931
2019-06-28,0.998383,0.998518,0.999931
2019-07-01,0.99838,0.998515,0.999931
2019-07-02,0.99838,0.998515,0.999931
2019-07-03,0.998377,0.998512,0.999931
2019-07-04,0.998374,0.998509,0.999931
2019-07-05,0.998374,0.998509,0.999931
2019-07-08,0.998371,0.998509,0.999931
2019-07-09,0.998371,0.998509,0.999931
2019-07-10,0.998371,0.998506,0.999931
2019-07-11,0.998368,0.998503,0.999931
2019-07-12,0.998365,0.998503,0.999931
2019-07-15,0.998362,0.998503,0.999931
2019-07-16,0.998362,0.998503,0.999931
2019-07-17,0.998362,0.998503,0.999931
2019-07-18,0.998359,0.9985,0.999931
2019-07-19,0.998359,0.9985,0.999931
2019-07-22,0.998356,0.998497,0.999931
2019-07-23,0.998353,0.998494,0.999931
2019-07-24,0.99835,0.998491,0.999931
2019-07-25,0.998347,0.998491,0.999931
2019-07-26,0.998347,0.998491,0.999931
2019-07-29,0.998347,0.998491,0.999931
2019-07-30,0.998347,0.998488,0.999931
2019-07-31,0.998344,0.998485,0.9999295
2019-08-01,0.998341,0.998482,0.9999295
2019-08-02,0.998338,0.998479,0.9999295
2019-08-05,0.998338,0.998479,0.9999295
2019-08-06,0.998335,0.998476,0.9999295
2019-08-07,0.998335,0.998476,0.9999295
2019-08-08,0.998335,0.998476,0.9999295
2019-08-09,0.998335,0.998476,0.9999295
2019-08-12,0.998332,0.998476,0.9999295
2019-08-13,0.998329,0.998476,0.9999295
2019-08-14,0.998329,0.998476,0.999928
2019-08-15,0.998326,0.998476,0.999928
2019-08-16,0.998326,0.998473,0.999928
2019-08-19,0.998323,0.998473,0.999928
2019-08-20,0.998323,0.998473,0.999928
2019-08-21,0.998323,0.998473,0.999928
2019-08-22,0.998323,0.998473,0.999928
2019-08-23,0.998323,0.998473,0.999928
2019-08-26,0.99832,0.99847,0.999928
2019-08-27,0.998317,0.998467,0.999928
2019-08-28,0.998317,0.998467,0.999928
2019-08-29,0.998317,0.998467,0.999928
2019-08-30,0.998314,0.998464,0.999928
2019-09-02,0.998314,0.998464,0.999928
2019-09-03,0.998314,0.998464,0.999928
2019-09-04,0.998314,0.998464,0.999928
2019-09-05,0.998311,0.998461,0.999928
2019-09-06,0.998311,0.998461,0.999928
2019-09-09,0.998311,0.998458,0.999928
2019-09-10,0.998308,0.998458,0.999928
2019-09-11,0.998305,0.998458,0.999928
2019-09-12,0.998302,0.998455,0.999928
2019-09-16,0.998299,0.998452,0.9999265
2019-09-17,0.998296,0.998449,0.999925
2019-09-18,0.998293,0.998449,0.999925
2019-09-19,0.99829,0.998446,0.9999235
2019-09-20,0.99829,0.998446,0.9999235
2019-09-23,0.99829,0.998446,0.9999235
2019-09-24,0.998287,0.998446,0.9999235
2019-09-25,0.998284,0.998446,0.9999235
2019-09-26,0.998281,0.998446,0.9999235
2019-09-27,0.998281,0.998443,0.9999235
2019-09-30,0.998281,0.99844,0.9999235
2019-10-08,0.998281,0.99844,0.9999235
2019-10-09,0.998278,0.99844,0.9999235
2019-10-10,0.998278,0.99844,0.9999235
2019-10-11,0.998275,0.99844,0.999922
2019-10-14,0.998272,0.998437,0.999922
2019-10-15,0.998272,0.998437,0.9999205
2019-10-16,0.998269,0.998437,0.9999205
2019-10-17,0.998269,0.998434,0.999919
2019-10-18,0.998269,0.998434,0.999919
2019-10-21,0.998266,0.998434,0.999919
2019-10-22,0.998263,0.998434,0.999919
2019-10-23,0.99826,0.998434,0.999919
2019-10-24,0.99826,0.998434,0.999919
2019-10-25,0.99826,0.998434,0.999919
2019-10-28,0.998257,0.998434,0.999919
2019-10-29,0.998254,0.998431,0.999919
2019-10-30,0.998251,0.998431,0.999919
2019-10-31,0.998248,0.998428,0.999919
2019-11-01,0.998245,0.998428,0.999919
2019-11-04,0.998242,0.998425,0.999919
2019-11-05,0.998239,0.998425,0.999919
2019-11-06,0.998236,0.998425,0.999919
2019-11-07,0.998236,0.998425,0.999919
2019-11-08,0.998233,0.998422,0.999919
2019-11-11,0.998233,0.998422,0.999919
2019-11-12,0.99823,0.998422,0.999919
2019-11-13,0.99823,0.998422,0.999919
2019-11-14,0.99823,0.998422,0.999919
2019-11-15,0.99823,0.998422,0.999919
2019-11-18,0.99823,0.998422,0.999919
2019-11-19,0.99823,0.998422,0.999919
2019-11-20,0.998227,0.998422,0.999919
2019-11-21,0.998227,0.998422,0.999919
2019-11-22,0.998224,0.998422,0.999919
2019-11-25,0.998221,0.998422,0.999919
2019-11-26,0.998221,0.998422,0.999919
2019-11-27,0.998221,0.998422,0.999919
2019-11-28,0.998221,0.998422,0.999919
2019-11-29,0.998221,0.998422,0.999919
2019-12-02,0.998218,0.998419,0.999919
2019-12-03,0.998218,0.998419,0.999919
2019-12-04,0.998215,0.998416,0.999919
2019-12-05,0.998215,0.998416,0.999919
2019-12-06,0.998215,0.998416,0.999919
2019-12-09,0.998212,0.998413,0.999919
2019-12-10,0.998212,0.998413,0.999919
2019-12-11,0.998209,0.998413,0.999919
2019-12-12,0.998209,0.998413,0.999919
2019-12-13,0.998206,0.998413,0.999919
2019-12-16,0.998203,0.99841,0.999919
2019-12-17,0.9982,0.998407,0.999919
2019-12-18,0.998197,0.998407,0.999919
2019-12-19,0.998194,0.998407,0.999919
2019-12-20,0.998194,0.998407,0.999919
2019-12-23,0.998194,0.998407,0.999919
2019-12-24,0.998191,0.998407,0.999919
2019-12-25,0.998191,0.998407,0.999919
2019-12-26,0.998191,0.998407,0.999919
2019-12-27,0.998191,0.998407,0.999919
2019-12-30,0.998188,0.998407,0.999919
2019-12-31,0.998188,0.998407,0.999919
2020-01-02,0.998185,0.998407,0.999919
2020-01-03,0.998182,0.998404,0.999919
2020-01-06,0.998179,0.998404,0.999919
2020-01-07,0.998176,0.998401,0.999919
2020-01-08,0.998173,0.998401,0.999919
2020-01-09,0.99817,0.998401,0.999919
2020-01-10,0.99817,0.998401,0.999919
2020-01-13,0.99817,0.998401,0.999919
2020-01-14,0.998167,0.998398,0.999919
2020-01-15,0.998167,0.998398,0.999919
2020-01-16,0.998167,0.998398,0.999919
2020-01-17,0.998167,0.998398,0.999919
2020-01-20,0.998167,0.998398,0.999919
2020-01-21,0.998167,0.998398,0.999919
2020-01-22,0.998164,0.998395,0.999919
2020-01-23,0.998161,0.998395,0.999919
2020-02-03,0.998158,0.998392,0.999919
2020-02-04,0.998158,0.998392,0.999919
2020-02-05,0.998158,0.998392,0.999919
2020-02-06,0.998158,0.998392,0.999919
2020-02-07,0.998158,0.998392,0.999919
2020-02-10,0.998158,0.998392,0.999919
2020-02-11,0.998158,0.998392,0.999919
2020-02-12,0.998158,0.998392,0.999919
2020-02-13,0.998158,0.998392,0.999919
2020-02-14,0.998158,0.998392,0.999919
2020-02-17,0.998158,0.998392,0.999919
2020-02-18,0.998155,0.998392,0.999919
2020-02-19,0.998155,0.998392,0.999919
2020-02-20,0.998152,0.998392,0.999919
2020-02-21,0.998149,0.998389,0.999919
2020-02-24,0.998146,0.998386,0.999919
2020-02-25,0.998143,0.998383,0.999919
2020-02-26,0.99814,0.998383,0.999919
2020-02-27,0.998137,0.998383,0.999919
2020-02-28,0.998134,0.99838,0.999919
2020-03-02,0.998131,0.998377,0.999919
2020-03-03,0.998128,0.998374,0.999919
2020-03-04,0.998125,0.998374,0.999919
2020-03-05,0.998125,0.998374,0.999919
2020-03-06,0.998122,0.998374,0.999919
2020-03-09,0.998119,0.998371,0.999919
2020-03-10,0.998116,0.998368,0.999919
2020-03-11,0.998113,0.998368,0.999919
2020-03-12,0.99811,0.998368,0.999919
2020-03-13,0.998107,0.998365,0.999919
2020-03-16,0.998104,0.998362,0.999919
2020-03-17,0.998104,0.998362,0.999919
2020-03-18,0.998101,0.998362,0.999919
2020-03-19,0.998098,0.998362,0.999919
2020-03-20,0.998098,0.998362,0.999919
2020-03-23,0.998095,0.998359,0.999919
2020-03-24,0.998092,0.998359,0.999919
2020-03-25,0.998089,0.998359,0.999919
2020-03-26,0.998089,0.998356,0.999919
2020-03-27,0.998089,0.998356,0.999919
2020-03-30,0.998086,0.998353,0.999919
2020-03-31,0.998086,0.998353,0.999919
2020-04-01,0.998083,0.998353,0.999919
2020-04-02,0.998083,0.998353,0.999919
2020-04-03,0.998083,0.998353,0.999919
2020-04-07,0.99808,0.99835,0.9999175
2020-04-08,0.99808,0.99835,0.9999175
2020-04-09,0.998077,0.998347,0.999916
2020-04-10,0.998077,0.998347,0.999916
2020-04-13,0.998077,0.998347,0.9999145
2020-04-14,0.998077,0.998347,0.9999145
2020-04-15,0.998077,0.998347,0.9999145
2020-04-16,0.998077,0.998347,0.9999145
2020-04-17,0.998074,0.998344,0.9999145
2020-04-20,0.998071,0.998341,0.999913
2020-04-21,0.998071,0.998341,0.999913
2020-04-22,0.998071,0.998338,0.9999115
2020-04-23,0.998071,0.998338,0.9999115
2020-04-24,0.998068,0.998338,0.9999115
2020-04-27,0.998065,0.998338,0.9999115
2020-04-28,0.998065,0.998338,0.9999115
2020-04-29,0.998065,0.998335,0.9999115
2020-04-30,0.998062,0.998332,0.99991
2020-05-06,0.998059,0.998332,0.99991
2020-05-07,0.998056,0.998332,0.9999085
2020-05-08,0.998053,0.998329,0.9999085
2020-05-11,0.998053,0.998329,0.9999085
2020-05-12,0.99805,0.998326,0.9999085
2020-05-13,0.99805,0.998326,0.9999085
2020-05-14,0.99805,0.998326,0.9999085
2020-05-15,0.998047,0.998323,0.9999085
2020-05-18,0.998044,0.99832,0.999907
2020-05-19,0.998041,0.998317,0.9999055
2020-05-20,0.998041,0.998317,0.9999055
2020-05-21,0.998041,0.998317,0.9999055
2020-05-22,0.998041,0.998314,0.999904
2020-05-25,0.998038,0.998311,0.9999025
2020-05-26,0.998035,0.998308,0.999901
2020-05-27,0.998032,0.998305,0.9998995
2020-05-28,0.998029,0.998302,0.999898
2020-05-29,0.998026,0.998299,0.9998965
2020-06-01,0.998023,0.998299,0.999895
2020-06-02,0.99802,0.998296,0.9998935
2020-06-03,0.998017,0.998293,0.999892
2020-06-04,0.998017,0.99829,0.9998905
2020-06-05,0.998017,0.998287,0.999889
2020-06-08,0.998014,0.998284,0.999889
2020-06-09,0.998014,0.998281,0.9998875
2020-06-10,0.998014,0.998281,0.9998875
2020-06-11,0.998011,0.998278,0.9998875
2020-06-12,0.998008,0.998275,0.999886
2020-06-15,0.998005,0.998275,0.999886
2020-06-16,0.998002,0.998272,0.9998845
2020-06-17,0.998002,0.998272,0.9998845
2020-06-18,0.997999,0.998269,0.999883
2020-06-19,0.997999,0.998269,0.999883
2020-06-22,0.997999,0.998269,0.999883
2020-06-23,0.997996,0.998266,0.9998815
2020-06-24,0.997993,0.998263,0.99988
2020-06-29,0.997993,0.99826,0.99988
2020-06-30,0.99799,0.998257,0.9998785
2020-07-01,0.997987,0.998254,0.999877
2020-07-02,0.997987,0.998254,0.999877
2020-07-03,0.997987,0.998254,0.999877
2020-07-06,0.997984,0.998251,0.9998755
2020-07-07,0.997981,0.998248,0.999874
2020-07-08,0.997981,0.998248,0.9998725
2020-07-09,0.997978,0.998245,0.999871
2020-07-10,0.997975,0.998245,0.9998695
2020-07-13,0.997975,0.998245,0.9998695
2020-07-14,0.997972,0.998242,0.999868
2020-07-15,0.997972,0.998242,0.999868
2020-07-16,0.997972,0.998242,0.999868
2020-07-17,0.997972,0.998239,0.999868
2020-07-20,0.997972,0.998239,0.999868
2020-07-21,0.997969,0.998236,0.9998665
2020-07-22,0.997966,0.998233,0.999865
2020-07-23,0.997963,0.99823,0.999865
2020-07-24,0.997963,0.99823,0.999865
2020-07-27,0.99796,0.998227,0.9998635
2020-07-28,0.997957,0.998224,0.999862
2020-07-29,0.997957,0.998224,0.999862
2020-07-30,0.997954,0.998224,0.9998605
2020-07-31,0.997951,0.998221,0.999859
2020-08-03,0.997948,0.998218,0.9998575
2020-08-04,0.997948,0.998215,0.999856
2020-08-05,0.997945,0.998212,0.9998545
2020-08-06,0.997945,0.998209,0.9998545
2020-08-07,0.997942,0.998209,0.9998545
2020-08-10,0.997939,0.998206,0.9998545
2020-08-11,0.997939,0.998206,0.9998545
2020-08-12,0.997936,0.998206,0.999853
2020-08-13,0.997936,0.998206,0.999853
2020-08-14,0.997936,0.998206,0.9998515
2020-08-17,0.997933,0.998206,0.9998515
2020-08-18,0.997933,0.998206,0.9998515
2020-08-19,0.997933,0.998206,0.9998515
2020-08-20,0.99793,0.998203,0.99985
2020-08-21,0.997927,0.998203,0.99985
2020-08-24,0.997924,0.9982,0.99985
2020-08-25,0.997921,0.998197,0.9998485
2020-08-26,0.997918,0.998197,0.9998485
2020-08-27,0.997915,0.998194,0.9998485
2020-08-28,0.997912,0.998194,0.999847
2020-08-31,0.997909,0.998194,0.9998455
2020-09-01,0.997909,0.998194,0.9998455
2020-09-02,0.997906,0.998191,0.9998455
2020-09-03,0.997903,0.998188,0.999844
2020-09-04,0.9979,0.998188,0.999844
2020-09-07,0.997897,0.998185,0.999844
2020-09-08,0.997894,0.998182,0.999844
2020-09-09,0.997891,0.998179,0.9998425
2020-09-10,0.997888,0.998179,0.9998425
2020-09-11,0.997885,0.998179,0.9998425
2020-09-14,0.997882,0.998176,0.9998425
2020-09-15,0.997879,0.998173,0.999841
2020-09-16,0.997876,0.99817,0.999841
2020-09-17,0.997876,0.99817,0.999841
2020-09-18,0.997876,0.99817,0.999841
2020-09-21,0.997876,0.99817,0.9998395
2020-09-22,0.997873,0.998167,0.9998395
2020-09-23,0.997873,0.998167,0.9998395
2020-09-24,0.99787,0.998167,0.9998395
2020-09-25,0.99787,0.998167,0.9998395
2020-09-28,0.99787,0.998167,0.9998395
2020-09-29,0.99787,0.998167,0.9998395
2020-09-30,0.997867,0.998167,0.9998395
2020-10-09,0.997864,0.998164,0.999838
2020-10-12,0.997861,0.998161,0.9998365
2020-10-13,0.997861,0.998161,0.9998365
2020-10-14,0.997858,0.998161,0.9998365
2020-10-15,0.997855,0.998158,0.999835
2020-10-16,0.997852,0.998155,0.999835
2020-10-19,0.997852,0.998155,0.999835
2020-10-20,0.997849,0.998152,0.999835
2020-10-21,0.997849,0.998152,0.9998335
2020-10-22,0.997846,0.998149,0.9998335
2020-10-23,0.997843,0.998149,0.9998335
2020-10-26,0.99784,0.998149,0.9998335
2020-10-27,0.997837,0.998146,0.9998335
2020-10-28,0.997834,0.998143,0.9998335
2020-10-29,0.997831,0.99814,0.9998335
2020-10-30,0.997831,0.99814,0.9998335
2020-11-02,0.997828,0.998137,0.9998335
2020-11-03,0.997825,0.998134,0.999832
2020-11-04,0.997822,0.998134,0.999832
2020-11-05,0.997819,0.998134,0.999832
2020-11-06,0.997816,0.998131,0.999832
2020-11-09,0.997813,0.998128,0.999832
2020-11-10,0.99781,0.998125,0.999832
2020-11-11,0.99781,0.998122,0.999832
2020-11-12,0.997807,0.998119,0.999832
2020-11-13,0.997804,0.998116,0.999832
2020-11-16,0.997801,0.998113,0.9998305
2020-11-17,0.997801,0.998113,0.9998305
2020-11-18,0.997801,0.998113,0.9998305
2020-11-19,0.997801,0.998113,0.9998305
2020-11-20,0.997798,0.99811,0.9998305
2020-11-23,0.997795,0.998107,0.9998305
2020-11-24,0.997792,0.998104,0.999829
2020-11-25,0.997789,0.998101,0.999829
2020-11-26,0.997786,0.998098,0.9998275
2020-11-27,0.997783,0.998095,0.9998275
2020-11-30,0.99778,0.998092,0.999826
2020-12-01,0.997777,0.998089,0.9998245
2020-12-02,0.997774,0.998086,0.999823
2020-12-03,0.997771,0.998083,0.9998215
2020-12-04,0.997768,0.99808,0.9998215
2020-12-07,0.997765,0.99808,0.9998215
2020-12-08,0.997762,0.998077,0.99982
2020-12-09,0.997759,0.998074,0.9998185
2020-12-10,0.997756,0.998071,0.999817
2020-12-11,0.997753,0.998068,0.999817
2020-12-14,0.99775,0.998065,0.9998155
2020-12-15,0.997747,0.998062,0.999814
2020-12-16,0.997747,0.998059,0.999814
2020-12-17,0.997747,0.998056,0.999814
2020-12-18,0.997744,0.998053,0.999814
2020-12-21,0.997741,0.99805,0.999814
2020-12-22,0.997738,0.998047,0.9998125
2020-12-23,0.997735,0.998044,0.999811
2020-12-24,0.997732,0.998041,0.9998095
2020-12-25,0.997729,0.998038,0.9998095
2020-12-28,0.997726,0.998035,0.999808
2020-12-29,0.997723,0.998032,0.999808
2020-12-30,0.997723,0.998029,0.999808
2020-12-31,0.99772,0.998026,0.9998065
2021-01-04,0.997717,0.998023,0.999805
2021-01-05,0.997714,0.99802,0.999805
2021-01-06,0.997711,0.998017,0.9998035
2021-01-07,0.997708,0.998014,0.999802
2021-01-08,0.997708,0.998011,0.9998005
2021-01-11,0.997705,0.998008,0.9998005
2021-01-12,0.997705,0.998008,0.9998005
2021-01-13,0.997702,0.998005,0.999799
2021-01-14,0.997699,0.998002,0.9997975
2021-01-15,0.997699,0.997999,0.999796
2021-01-18,0.997696,0.997996,0.9997945
2021-01-19,0.997693,0.997993,0.9997945
2021-01-20,0.99769,0.997993,0.9997945
2021-01-21,0.99769,0.997993,0.9997945
2021-01-22,0.997687,0.99799,0.999793
2021-01-25,0.997684,0.997987,0.999793
2021-01-26,0.997681,0.997984,0.9997915
2021-01-27,0.997678,0.997981,0.99979
2021-01-28,0.997675,0.997978,0.99979
2021-01-29,0.997672,0.997975,0.9997885
2021-02-01,0.997669,0.997975,0.9997885
2021-02-02,0.997669,0.997975,0.9997885
2021-02-03,0.997666,0.997972,0.9997885
2021-02-04,0.997666,0.997969,0.9997885
2021-02-05,0.997663,0.997969,0.9997885
2021-02-08,0.99766,0.997966,0.9997885
2021-02-09,0.99766,0.997966,0.9997885
2021-02-10,0.99766,0.997966,0.9997885
2021-02-18,0.997657,0.997963,0.9997885
2021-02-19,0.997654,0.997963,0.999787
2021-02-22,0.997651,0.99796,0.999787
2021-02-23,0.997648,0.997957,0.999787
2021-02-24,0.997645,0.997954,0.999787
2021-02-25,0.997645,0.997951,0.999787
2021-02-26,0.997642,0.997948,0.9997855
2021-03-01,0.997639,0.997945,0.999784
2021-03-02,0.997636,0.997942,0.999784
2021-03-03,0.997633,0.997939,0.999784
2021-03-04,0.997633,0.997936,0.9997825
2021-03-05,0.99763,0.997933,0.999781
2021-03-08,0.997627,0.99793,0.9997795
2021-03-09,0.997624,0.99793,0.9997795
2021-03-10,0.997621,0.997927,0.9997795
2021-03-11,0.997621,0.997927,0.9997795
2021-03-12,0.997618,0.997927,0.9997795
2021-03-15,0.997615,0.997924,0.9997795
2021-03-16,0.997612,0.997921,0.9997795
2021-03-17,0.997612,0.997921,0.9997795
2021-03-18,0.997612,0.997918,0.9997795
2021-03-19,0.997609,0.997915,0.9997795
2021-03-22,0.997606,0.997912,0.9997795
2021-03-23,0.997606,0.997909,0.9997795
2021-03-24,0.997603,0.997909,0.999778
2021-03-25,0.997603,0.997906,0.999778
2021-03-26,0.9976,0.997903,0.999778
2021-03-29,0.997597,0.9979,0.9997765
2021-03-30,0.997594,0.997897,0.999775
2021-03-31,0.997591,0.997894,0.999775
2021-04-01,0.997588,0.997891,0.999775
2021-04-02,0.997585,0.997888,0.999775
2021-04-06,0.997582,0.997885,0.999775
2021-04-07,0.997582,0.997885,0.9997735
2021-04-08,0.997579,0.997882,0.999772
2021-04-09,0.997576,0.997879,0.999772
2021-04-12,0.997573,0.997876,0.999772
2021-04-13,0.99757,0.997873,0.9997705
2021-04-14,0.997567,0.99787,0.9997705
2021-04-15,0.997567,0.99787,0.9997705
2021-04-16,0.997564,0.997867,0.999769
2021-04-19,0.997564,0.997864,0.999769
2021-04-20,0.997561,0.997861,0.999769
2021-04-21,0.997558,0.997858,0.999769
2021-04-22,0.997555,0.997855,0.999769
2021-04-23,0.997552,0.997852,0.999769
2021-04-26,0.997549,0.997849,0.9997675
2021-04-27,0.997546,0.997846,0.9997675
2021-04-28,0.997543,0.997843,0.9997675
2021-04-29,0.997543,0.99784,0.999766
2021-04-30,0.997543,0.99784,0.999766
2021-05-06,0.99754,0.997837,0.9997645
2021-05-07,0.99754,0.997837,0.9997645
2021-05-10,0.997537,0.997834,0.999763
2021-05-11,0.997537,0.997831,0.999763
2021-05-12,0.997534,0.997831,0.999763
2021-05-13,0.997531,0.997828,0.9997615
2021-05-14,0.997531,0.997828,0.9997615
2021-05-17,0.997531,0.997825,0.9997615
2021-05-18,0.997528,0.997822,0.9997615
2021-05-19,0.997525,0.997819,0.9997615
2021-05-20,0.997522,0.997816,0.99976
2021-05-21,0.997519,0.997813,0.9997585
2021-05-24,0.997516,0.99781,0.9997585
2021-05-25,0.997513,0.997807,0.999757
2021-05-26,0.99751,0.997804,0.999757
2021-05-27,0.997507,0.997801,0.9997555
2021-05-28,0.997504,0.997798,0.999754
2021-05-31,0.997501,0.997795,0.999754
2021-06-01,0.997498,0.997792,0.999754
2021-06-02,0.997495,0.997789,0.999754
2021-06-03,0.997492,0.997786,0.999754
2021-06-04,0.997489,0.997783,0.999754
2021-06-07,0.997486,0.99778,0.9997525
2021-06-08,0.997483,0.997777,0.9997525
2021-06-09,0.99748,0.997774,0.9997525
2021-06-10,0.997477,0.997771,0.9997525
2021-06-11,0.997474,0.997768,0.9997525
2021-06-15,0.997471,0.997765,0.9997525
2021-06-16,0.997468,0.997762,0.9997525
2021-06-17,0.997465,0.997759,0.9997525
2021-06-18,0.997462,0.997756,0.9997525
2021-06-21,0.997459,0.997753,0.999751
2021-06-22,0.997456,0.99775,0.9997495
2021-06-23,0.997453,0.997747,0.9997495
2021-06-24,0.99745,0.997744,0.999748
2021-06-25,0.99745,0.997744,0.999748
2021-06-28,0.997447,0.997741,0.999748
2021-06-29,0.997444,0.997738,0.999748
2021-06-30,0.997441,0.997738,0.999748
2021-07-01,0.997438,0.997735,0.9997465
2021-07-02,0.997435,0.997732,0.9997465
2021-07-05,0.997432,0.997729,0.9997465
2021-07-06,0.997429,0.997726,0.9997465
2021-07-07,0.997426,0.997723,0.9997465
2021-07-08,0.997423,0.99772,0.9997465
2021-07-09,0.99742,0.997717,0.9997465
2021-07-12,0.997417,0.997714,0.999745
2021-07-13,0.997414,0.997711,0.999745
2021-07-14,0.997411,0.997708,0.999745
2021-07-15,0.997408,0.997705,0.999745
2021-07-16,0.997405,0.997705,0.999745
2021-07-19,0.997402,0.997702,0.999745
2021-07-20,0.997399,0.997699,0.9997435
2021-07-21,0.997396,0.997699,0.9997435
2021-07-22,0.997393,0.997696,0.9997435
2021-07-23,0.99739,0.997693,0.999742
2021-07-26,0.997387,0.99769,0.9997405
2021-07-27,0.997384,0.997687,0.999739
2021-07-28,0.997381,0.997684,0.9997375
2021-07-29,0.997381,0.997681,0.999736
2021-07-30,0.997378,0.997678,0.9997345
2021-08-02,0.997375,0.997675,0.999733
2021-08-03,0.997372,0.997675,0.999733
2021-08-04,0.997372,0.997672,0.999733
2021-08-05,0.997372,0.997669,0.999733
2021-08-06,0.997369,0.997666,0.999733
2021-08-09,0.997366,0.997663,0.9997315
2021-08-10,0.997363,0.99766,0.9997315
2021-08-11,0.99736,0.997657,0.9997315
2021-08-12,0.997357,0.997654,0.99973
2021-08-13,0.997357,0.997654,0.99973
2021-08-16,0.997357,0.997651,0.99973
2021-08-17,0.997354,0.997651,0.99973
2021-08-18,0.997351,0.997648,0.9997285
2021-08-19,0.997348,0.997645,0.999727
2021-08-20,0.997345,0.997642,0.999727
2021-08-23,0.997342,0.997639,0.999727
2021-08-24,0.997339,0.997636,0.999727
2021-08-25,0.997336,0.997633,0.9997255
2021-08-26,0.997333,0.99763,0.999724
2021-08-27,0.997333,0.997627,0.9997225
2021-08-30,0.99733,0.997624,0.999721
2021-08-31,0.99733,0.997621,0.999721
2021-09-01,0.99733,0.997618,0.999721
2021-09-02,0.997327,0.997615,0.9997195
2021-09-03,0.997324,0.997612,0.9997195
2021-09-06,0.997321,0.997609,0.999718
2021-09-07,0.997321,0.997609,0.999718
2021-09-08,0.997318,0.997606,0.999718
2021-09-09,0.997315,0.997606,0.999718
2021-09-10,0.997315,0.997603,0.9997165
2021-09-13,0.997312,0.997603,0.999715
2021-09-14,0.997309,0.9976,0.9997135
2021-09-15,0.997306,0.997597,0.999712
2021-09-16,0.997303,0.997594,0.999712
2021-09-17,0.9973,0.997591,0.9997105
2021-09-22,0.997297,0.997588,0.999709
2021-09-23,0.997297,0.997585,0.9997075
2021-09-24,0.997294,0.997582,0.9997075
2021-09-27,0.997291,0.997579,0.999706
2021-09-28,0.997291,0.997576,0.999706
2021-09-29,0.997288,0.997573,0.999706
2021-09-30,0.997285,0.99757,0.9997045
2021-10-08,0.997282,0.997567,0.999703
2021-10-11,0.997279,0.997564,0.9997015
2021-10-12,0.997276,0.997561,0.9997
2021-10-13,0.997276,0.997561,0.9997
2021-10-14,0.997273,0.997558,0.9996985
2021-10-15,0.99727,0.997555,0.999697
2021-10-18,0.997267,0.997552,0.9996955
2021-10-19,0.997264,0.997549,0.9996955
2021-10-20,0.997261,0.997549,0.9996955
2021-10-21,0.997258,0.997546,0.9996955
2021-10-22,0.997258,0.997546,0.9996955
2021-10-25,0.997255,0.997546,0.9996955
2021-10-26,0.997255,0.997546,0.9996955
2021-10-27,0.997252,0.997543,0.9996955
2021-10-28,0.997249,0.99754,0.9996955
2021-10-29,0.997249,0.997537,0.999694
2021-11-01,0.997246,0.997534,0.9996925
2021-11-02,0.997243,0.997531,0.9996925
2021-11-03,0.99724,0.997528,0.999691
2021-11-04,0.99724,0.997528,0.999691
2021-11-05,0.997237,0.997525,0.9996895
2021-11-08,0.997234,0.997522,0.999688
2021-11-09,0.997231,0.997519,0.999688
2021-11-10,0.997228,0.997516,0.999688
2021-11-11,0.997225,0.997513,0.999688
2021-11-12,0.997222,0.997513,0.999688
2021-11-15,0.997219,0.99751,0.999688
2021-11-16,0.997216,0.99751,0.999688
2021-11-17,0.997216,0.99751,0.999688
2021-11-18,0.997213,0.997507,0.999688
2021-11-19,0.99721,0.997504,0.999688
2021-11-22,0.997207,0.997501,0.9996865
2021-11-23,0.997204,0.997498,0.9996865
2021-11-24,0.997201,0.997495,0.999685
2021-11-25,0.997198,0.997495,0.9996835
2021-11-26,0.997195,0.997492,0.999682
2021-11-29,0.997192,0.997489,0.999682
2021-11-30,0.997189,0.997486,0.9996805
2021-12-01,0.997186,0.997483,0.999679
2021-12-02,0.997183,0.99748,0.999679
2021-12-03,0.99718,0.997477,0.999679
2021-12-06,0.99718,0.997474,0.9996775
2021-12-07,0.997177,0.997471,0.999676
2021-12-08,0.997174,0.997468,0.999676
2021-12-09,0.997171,0.997468,0.999676
2021-12-10,0.997168,0.997465,0.9996745
2021-12-13,0.997165,0.997465,0.9996745
2021-12-14,0.997162,0.997462,0.999673
2021-12-15,0.997159,0.997459,0.9996715
2021-12-16,0.997156,0.997456,0.99967
2021-12-17,0.997153,0.997453,0.99967
2021-12-20,0.99715,0.99745,0.9996685
2021-12-21,0.997147,0.997447,0.999667
2021-12-22,0.997144,0.997444,0.999667
2021-12-23,0.997141,0.997441,0.999667
2021-12-24,0.997138,0.997438,0.999667
2021-12-27,0.997135,0.997435,0.9996655
2021-12-28,0.997132,0.997432,0.9996655
2021-12-29,0.997129,0.997432,0.9996655
2021-12-30,0.997126,0.997429,0.9996655
2021-12-31,0.997126,0.997426,0.999664
2022-01-04,0.997123,0.997423,0.9996625
2022-01-05,0.99712,0.99742,0.999661
2022-01-06,0.997117,0.997417,0.9996595
2022-01-07,0.997114,0.997414,0.999658
2022-01-10,0.997111,0.997411,0.999658
2022-01-11,0.997108,0.997408,0.999658
2022-01-12,0.997105,0.997405,0.9996565
2022-01-13,0.997102,0.997402,0.9996565
2022-01-14,0.997099,0.997399,0.9996565
2022-01-17,0.997096,0.997396,0.999655
2022-01-18,0.997093,0.997393,0.9996535
2022-01-19,0.99709,0.99739,0.999652
2022-01-20,0.997087,0.997387,0.999652
2022-01-21,0.997087,0.997384,0.999652
2022-01-24,0.997084,0.997381,0.999652
2022-01-25,0.997084,0.997378,0.999652
2022-01-26,0.997081,0.997375,0.9996505
2022-01-27,0.997078,0.997375,0.9996505
2022-01-28,0.997075,0.997372,0.999649
2022-02-07,0.997072,0.997369,0.9996475
2022-02-08,0.997069,0.997366,0.9996475
2022-02-09,0.997069,0.997366,0.999646
2022-02-10,0.997066,0.997366,0.999646
2022-02-11,0.997063,0.997363,0.9996445
2022-02-14,0.99706,0.99736,0.9996445
2022-02-15,0.997057,0.997357,0.9996445
2022-02-16,0.997054,0.997354,0.9996445
2022-02-17,0.997054,0.997351,0.9996445
2022-02-18,0.997051,0.997348,0.9996445
2022-02-21,0.997048,0.997345,0.9996445
2022-02-22,0.997045,0.997342,0.9996445
2022-02-23,0.997042,0.997339,0.999643
2022-02-24,0.997039,0.997336,0.999643
2022-02-25,0.997036,0.997336,0.999643
2022-02-28,0.997033,0.997333,0.999643
2022-03-01,0.99703,0.99733,0.9996415
2022-03-02,0.997027,0.997327,0.9996415
2022-03-03,0.997024,0.997324,0.99964
2022-03-04,0.997021,0.997321,0.99964
2022-03-07,0.997018,0.997318,0.99964
2022-03-08,0.997018,0.997315,0.99964
2022-03-09,0.997015,0.997312,0.99964
2022-03-10,0.997012,0.997309,0.99964
2022-03-11,0.997009,0.997306,0.99964
2022-03-14,0.997006,0.997303,0.9996385
2022-03-15,0.997003,0.9973,0.999637
2022-03-16,0.997,0.997297,0.999637
2022-03-17,0.996997,0.997294,0.999637
2022-03-18,0.996997,0.997294,0.999637
2022-03-21,0.996997,0.997294,0.999637
2022-03-22,0.996994,0.997291,0.999637
2022-03-23,0.996991,0.997288,0.999637
2022-03-24,0.996988,0.997285,0.999637
2022-03-25,0.996985,0.997282,0.999637
2022-03-28,0.996985,0.997279,0.999637
2022-03-29,0.996982,0.997276,0.999637
2022-03-30,0.996979,0.997273,0.999637
2022-03-31,0.996976,0.99727,0.9996355
2022-04-01,0.996973,0.997267,0.9996355
2022-04-06,0.99697,0.997264,0.9996355
2022-04-07,0.99697,0.997261,0.999634
2022-04-08,0.996967,0.997258,0.999634
2022-04-11,0.996964,0.997255,0.999634
2022-04-12,0.996961,0.997252,0.999634
2022-04-13,0.996958,0.997252,0.999634
2022-04-14,0.996955,0.997249,0.999634
2022-04-15,0.996952,0.997246,0.999634
2022-04-18,0.996949,0.997243,0.9996325
2022-04-19,0.996946,0.99724,0.9996325
2022-04-20,0.996943,0.997237,0.9996325
2022-04-21,0.996943,0.997237,0.9996325
2022-04-22,0.99694,0.997237,0.9996325
2022-04-25,0.996937,0.997234,0.9996325
2022-04-26,0.996937,0.997231,0.9996325
2022-04-27,0.996934,0.997228,0.9996325
2022-04-28,0.996931,0.997225,0.9996325
2022-04-29,0.996928,0.997222,0.999631
2022-05-05,0.996925,0.997222,0.9996295
2022-05-06,0.996922,0.997219,0.9996295
2022-05-09,0.996922,0.997219,0.9996295
2022-05-10,0.996919,0.997216,0.999628
2022-05-11,0.996919,0.997213,0.999628
2022-05-12,0.996916,0.99721,0.999628
2022-05-13,0.996916,0.997207,0.999628
2022-05-16,0.996913,0.997204,0.999628
2022-05-17,0.996913,0.997204,0.999628
2022-05-18,0.99691,0.997201,0.9996265
2022-05-19,0.996907,0.997198,0.999625
2022-05-20,0.996904,0.997195,0.9996235
2022-05-23,0.996901,0.997192,0.999622
2022-05-24,0.996901,0.997189,0.999622
2022-05-25,0.996898,0.997186,0.9996205
2022-05-26,0.996895,0.997186,0.999619
2022-05-27,0.996892,0.997183,0.9996175
2022-05-30,0.996889,0.99718,0.999616
2022-05-31,0.996886,0.997177,0.9996145
2022-06-01,0.996883,0.997174,0.9996145
2022-06-02,0.99688,0.997171,0.9996145
2022-06-06,0.996877,0.997171,0.999613
2022-06-07,0.996874,0.997168,0.999613
2022-06-08,0.996871,0.997165,0.9996115
2022-06-09,0.996868,0.997162,0.9996115
2022-06-10,0.996865,0.997159,0.9996115
2022-06-13,0.996865,0.997156,0.9996115
2022-06-14,0.996862,0.997153,0.9996115
2022-06-15,0.996859,0.99715,0.9996115
2022-06-16,0.996856,0.997147,0.9996115
2022-06-17,0.996853,0.997144,0.9996115
2022-06-20,0.99685,0.997141,0.99961
2022-06-21,0.996847,0.997138,0.99961
2022-06-22,0.996847,0.997138,0.99961
2022-06-23,0.996844,0.997135,0.99961
2022-06-24,0.996841,0.997132,0.9996085
2022-06-27,0.996838,0.997129,0.999607
2022-06-28,0.996835,0.997126,0.9996055
2022-06-29,0.996832,0.997123,0.999604
2022-06-30,0.996829,0.99712,0.9996025
2022-07-01,0.996826,0.997117,0.999601
2022-07-04,0.996823,0.997114,0.9995995
2022-07-05,0.99682,0.997111,0.999598
2022-07-06,0.996817,0.997108,0.9995965
2022-07-07,0.996814,0.997108,0.9995965
2022-07-08,0.996814,0.997108,0.9995965
2022-07-11,0.996811,0.997105,0.999595
2022-07-12,0.996808,0.997105,0.9995935
2022-07-13,0.996805,0.997102,0.9995935
2022-07-14,0.996802,0.997099,0.9995935
2022-07-15,0.996799,0.997096,0.999592
2022-07-18,0.996796,0.997093,0.999592
2022-07-19,0.996793,0.99709,0.9995905
2022-07-20,0.996793,0.997087,0.9995905
2022-07-21,0.99679,0.997084,0.9995905
2022-07-22,0.996787,0.997081,0.9995905
2022-07-25,0.996784,0.997078,0.9995905
2022-07-26,0.996781,0.997075,0.9995905
2022-07-27,0.996778,0.997072,0.9995905
2022-07-28,0.996775,0.997069,0.9995905
2022-07-29,0.996772,0.997066,0.999589
2022-08-01,0.996769,0.997063,0.999589
2022-08-02,0.996766,0.997063,0.999589
2022-08-03,0.996763,0.99706,0.9995875
2022-08-04,0.99676,0.997057,0.9995875
2022-08-05,0.99676,0.997057,0.9995875
2022-08-08,0.996757,0.997054,0.9995875
2022-08-09,0.996757,0.997054,0.9995875
2022-08-10,0.996754,0.997051,0.9995875
2022-08-11,0.996751,0.997048,0.9995875
2022-08-12,0.996748,0.997045,0.9995875
2022-08-15,0.996745,0.997042,0.999586
2022-08-16,0.996742,0.997039,0.999586
2022-08-17,0.996739,0.997036,0.999586
2022-08-18,0.996736,0.997033,0.999586
2022-08-19,0.996733,0.99703,0.999586
2022-08-22,0.99673,0.997027,0.999586
2022-08-23,0.996727,0.997024,0.999586
2022-08-24,0.996724,0.997021,0.999586
2022-08-25,0.996721,0.997018,0.9995845
2022-08-26,0.996718,0.997015,0.9995845
2022-08-29,0.996715,0.997012,0.999583
2022-08-30,0.996712,0.997009,0.999583
2022-08-31,0.996709,0.997006,0.999583
2022-09-01,0.996709,0.997003,0.999583
2022-09-02,0.996706,0.997,0.9995815
2022-09-05,0.996703,0.996997,0.9995815
2022-09-06,0.9967,0.996994,0.9995815
2022-09-07,0.9967,0.996994,0.9995815
2022-09-08,0.996697,0.996991,0.9995815
2022-09-09,0.996694,0.996988,0.9995815
2022-09-13,0.996691,0.996985,0.9995815
2022-09-14,0.996688,0.996982,0.9995815
2022-09-15,0.996685,0.996979,0.9995815
2022-09-16,0.996682,0.996976,0.99958
2022-09-19,0.996679,0.996973,0.99958
2022-09-20,0.996676,0.99697,0.99958
2022-09-21,0.996673,0.99697,0.99958
2022-09-22,0.99667,0.99697,0.99958
2022-09-23,0.996667,0.99697,0.99958
2022-09-26,0.996664,0.996967,0.99958
2022-09-27,0.996661,0.996964,0.99958
2022-09-28,0.996658,0.996961,0.99958
2022-09-29,0.996655,0.996958,0.99958
2022-09-30,0.996652,0.996955,0.99958
2022-10-10,0.996649,0.996952,0.99958
2022-10-11,0.996646,0.996949,0.99958
2022-10-12,0.996643,0.996949,0.99958
2022-10-13,0.99664,0.996946,0.99958
2022-10-14,0.996637,0.996946,0.99958
2022-10-17,0.996634,0.996943,0.99958
2022-10-18,0.996631,0.99694,0.99958
2022-10-19,0.996631,0.99694,0.99958
2022-10-20,0.996628,0.996937,0.99958
2022-10-21,0.996625,0.996934,0.99958
2022-10-24,0.996622,0.996931,0.99958
2022-10-25,0.996619,0.996931,0.99958
2022-10-26,0.996616,0.996928,0.99958
2022-10-27,0.996613,0.996925,0.99958
2022-10-28,0.996613,0.996925,0.99958
2022-10-31,0.99661,0.996922,0.9995785
2022-11-01,0.996607,0.996922,0.9995785
2022-11-02,0.996604,0.996919,0.9995785
2022-11-03,0.996601,0.996916,0.9995785
2022-11-04,0.996598,0.996916,0.9995785
2022-11-07,0.996595,0.996913,0.9995785
2022-11-08,0.996592,0.99691,0.9995785
2022-11-09,0.996589,0.99691,0.9995785
2022-11-10,0.996586,0.996907,0.9995785
2022-11-11,0.996583,0.996904,0.9995785
2022-11-14,0.99658,0.996901,0.999577
2022-11-15,0.996577,0.996898,0.999577
2022-11-16,0.996577,0.996895,0.999577
2022-11-17,0.996574,0.996895,0.999577
2022-11-18,0.996571,0.996892,0.999577
2022-11-21,0.996571,0.996889,0.999577
2022-11-22,0.996571,0.996889,0.999577
2022-11-23,0.996568,0.996889,0.999577
2022-11-24,0.996565,0.996886,0.999577
2022-11-25,0.996565,0.996886,0.999577
2022-11-28,0.996562,0.996883,0.999577
2022-11-29,0.996559,0.99688,0.999577
2022-11-30,0.996559,0.996877,0.999577
2022-12-01,0.996556,0.996877,0.999577
