Trade_DT,2021_adv_observe_one_year,2021_adv,adv
2018-01-02,1.0,1.0,1.0
2018-01-03,1.0,1.0,1.0
2018-01-04,1.0,1.0,1.0
2018-01-05,1.0,1.0,1.0
2018-01-08,1.0,1.0,1.0
2018-01-09,0.99997799503,0.9999494604399998,0.9999936464499998
2018-01-10,0.9997779483699999,0.99996122802,0.99997841781
2018-01-11,0.9996682992399999,0.99981150027,0.9999603808799998
2018-01-12,0.9994004683799999,1.0002456231699999,1.0000031929199997
2018-01-15,0.9997607370999999,1.0006043813899999,1.0000915880999999
2018-01-16,0.9987888683799999,0.99864377427,0.9997993803599998
2018-01-17,0.9983915948599998,0.9980995725299999,0.9997199528199998
2018-01-18,0.9994512584999998,0.9996702160700002,1.00005093155
2018-01-19,0.9996963271299999,1.00000921271,1.0001215267999999
2018-01-22,0.9997823037099998,1.00167674283,1.0004478034399997
2018-01-23,1.0001439812399997,1.0031675016900001,1.0009800461499998
2018-01-24,0.9992521944599998,1.00159659197,1.0006597665199999
2018-01-25,0.9996862912099997,1.00204307995,1.00042554288
2018-01-26,0.9989468638599996,1.0009465861400002,1.00018861359
2018-01-29,0.9985296279699998,1.00468015906,1.0010242964999998
2018-01-30,0.9994584615699997,1.00697658046,1.00163061062
2018-01-31,0.9998264111599996,1.0054343915800001,1.00157120892
2018-02-01,0.9999836231899996,1.00608892039,1.0024973770799999
2018-02-02,1.0011331698499997,1.0076128156300002,1.00286130804
2018-02-05,1.0005458290299998,1.00811149247,1.0032022086399999
2018-02-06,0.9959146180399997,1.00700833147,1.0035580954499999
2018-02-07,0.9957059627299996,1.00680239307,1.0019283041599998
2018-02-08,0.9955997889399996,1.00505198114,1.0024565627199997
2018-02-09,0.9933342865099997,0.9994498326200001,1.0035074383199998
2018-02-12,0.9967112623899996,1.0025157190900003,1.0043409559399998
2018-02-13,0.9983295395999997,1.0066659515700003,1.0045123887699998
2018-02-14,0.9998997678399997,1.0094832394700002,1.00509510831
2018-02-22,1.0049533537499997,1.01693214405,1.00871790837
2018-02-23,1.0059381994999996,1.0190386017700002,1.0104047817799997
2018-02-26,1.0109813603899998,1.02699129384,1.0135668785999998
2018-02-27,1.0139333090299998,1.0313073705200002,1.01313681148
2018-02-28,1.0143026611699997,1.03369706042,1.0130085004599998
2018-03-01,1.0127681598399998,1.0315115630000002,1.0126178489
2018-03-02,1.01139223162,1.03058003486,1.01248616634
2018-03-05,1.0113123811,1.030839224,1.01253612495
2018-03-06,1.0156942225199996,1.03644285231,1.0149779135499999
2018-03-07,1.0121594535199998,1.03027477735,1.01259803309
2018-03-08,1.0125253012299997,1.0305572903900002,1.0132501126500002
2018-03-09,1.0140892716699998,1.03216199543,1.0140210742500002
2018-03-12,1.0157043320399999,1.03464518546,1.01510205399
2018-03-13,1.01806563288,1.0358396957,1.0153299929700004
2018-03-14,1.0201254923399998,1.03761930242,1.0157314542300002
2018-03-15,1.0206753253499996,1.03613397336,1.01519437235
2018-03-16,1.0223838805199998,1.0373763546399999,1.0162114873900001
2018-03-19,1.0233268731299998,1.03928535214,1.01662435636
2018-03-20,1.0232854844099997,1.03960859314,1.0166690790400001
2018-03-21,1.0243038571599998,1.04029984159,1.01719109284
2018-03-22,1.0267575628199999,1.0431440089200001,1.01830744822
2018-03-23,1.0502295687199998,1.0743598548800002,1.0319424964600001
2018-03-26,1.0506881948799995,1.0746392659400001,1.03135264056
2018-03-27,1.0506633870899997,1.07444850236,1.02975228314
2018-03-28,1.05700219541,1.07915129392,1.03359719051
2018-03-29,1.0596492224499998,1.08043041692,1.0353801391500002
2018-03-30,1.0600586001899999,1.0797035313299999,1.03585875036
2018-04-02,1.0597230801099997,1.0799325321700002,1.0356091149000002
2018-04-03,1.0594102136499997,1.07937899593,1.0355094499200002
2018-04-04,1.0592598719499997,1.07944501213,1.03522077726
2018-04-09,1.0593409247699996,1.0795742160700001,1.0354723061000002
2018-04-10,1.0611165581299997,1.07865626925,1.03571620553
2018-04-11,1.0614041612999998,1.07878123327,1.03579267905
2018-04-12,1.0605433492399998,1.07769688941,1.03559815067
2018-04-13,1.0592276496799997,1.0747073122200004,1.0340281468399999
2018-04-16,1.0634290553699999,1.07869623946,1.03533295769
2018-04-17,1.0686559644499998,1.084545158,1.03752954885
2018-04-18,1.0666854376199997,1.0833026044900003,1.03650289984
2018-04-19,1.0680196250899998,1.08385189539,1.03638007856
2018-04-20,1.0667944353599998,1.0799391974800001,1.03668966947
2018-04-23,1.0675497321399998,1.0808646968400002,1.03677487325
2018-04-24,1.0684250641,1.0869393968000003,1.0404765621999998
2018-04-25,1.0696863882599998,1.0890325720200003,1.0409646369799999
2018-04-26,1.07723703391,1.0964659765200002,1.04310535234
2018-04-27,1.0773943702099997,1.0953034222800002,1.04310627164
2018-05-02,1.0774842682499997,1.0951011235800003,1.04311209234
2018-05-03,1.07778223331,1.0971840462200002,1.04286951136
2018-05-04,1.07644655784,1.0955359951500003,1.0420231569899998
2018-05-07,1.0826273701999998,1.0992750040900003,1.04489945799
2018-05-08,1.0849688254899998,1.1027749014400003,1.0487101879899998
2018-05-09,1.08413413165,1.1029606947600001,1.04811098561
2018-05-10,1.0861155557399997,1.1059767354600003,1.0497419441899998
2018-05-11,1.0868554497399998,1.1063163035600003,1.04981203955
2018-05-14,1.0867107453799998,1.1056288430400005,1.0499711254699997
2018-05-15,1.08513862097,1.1033662566700002,1.04868478586
2018-05-16,1.0860093941,1.1054266987400003,1.04857532067
2018-05-17,1.0850876382799999,1.1035011487200006,1.04791697485
2018-05-18,1.08633705685,1.1045311973800003,1.04873875684
2018-05-21,1.0866361761899999,1.1055182289000003,1.04935524818
2018-05-22,1.08593887623,1.1050272851200003,1.0494677925899998
2018-05-23,1.08943332357,1.1097835147200006,1.0512949030999998
2018-05-24,1.0905729899099998,1.1119573453200005,1.0524007914999998
2018-05-25,1.09046853085,1.1133702977200002,1.0537885375599998
2018-05-28,1.08973709817,1.1130901006800002,1.0526687211799999
2018-05-29,1.08977069691,1.1148291858200001,1.0536677977899997
2018-05-30,1.0902653475500002,1.1143788153800003,1.05322869107
2018-05-31,1.09537984825,1.1209629061800004,1.05669199667
2018-06-01,1.0975352245499999,1.1242598619000004,1.0586212797899999
2018-06-04,1.09850221638,1.1273606806600003,1.05962430407
2018-06-05,1.10000749898,1.1310930022700005,1.0624347022199998
2018-06-06,1.0995797036800001,1.1306317953900002,1.0621011397999998
2018-06-07,1.09931046452,1.1309938562500004,1.0616876712199999
2018-06-08,1.09681273245,1.1272302441000004,1.0597432598999998
2018-06-11,1.09654449487,1.1262616500200004,1.0594887260199997
2018-06-12,1.0989919456900001,1.1283048590200004,1.0587695660599996
2018-06-13,1.1027387666200001,1.1317290476900006,1.0591019369899999
2018-06-14,1.1027330826400001,1.1316515959300002,1.0589596266699997
2018-06-15,1.1029945621800004,1.1316460332700002,1.0577050838299997
2018-06-19,1.1071162794700002,1.13336358753,1.0631219630199997
2018-06-20,1.1054192921600003,1.1325792232600003,1.0622213824699998
2018-06-21,1.1117049392400002,1.1417272181600002,1.0681260422399999
2018-06-22,1.1116646703600002,1.1404501204400006,1.0681646460299998
2018-06-25,1.1185155670400002,1.1453671199400006,1.0694881509499998
2018-06-26,1.1196102426800003,1.1464936904200005,1.0699130616099999
2018-06-27,1.1195629565300003,1.1442327142700004,1.0698460242599999
2018-06-28,1.11954743965,1.1440120629800006,1.0699830919199997
2018-06-29,1.1292791643900004,1.1526235608000002,1.0770158761199997
2018-07-02,1.1399573991600003,1.1598736946300003,1.0797087555899996
2018-07-03,1.1405413527900001,1.1600317301800003,1.0808093690399998
2018-07-04,1.1414326869500002,1.1606757159500005,1.08083371893
2018-07-05,1.1371537222800001,1.1569946582500006,1.0780276572399998
2018-07-06,1.1387703971300003,1.1603298504200006,1.0809111880199997
2018-07-09,1.1431697797000002,1.1625093389700003,1.0828671935299998
2018-07-10,1.1429912926500003,1.1618103398000004,1.0826753841999999
2018-07-11,1.1377019709500003,1.1554321343600005,1.0793412870599999
2018-07-12,1.1411256514000003,1.1656720222200003,1.0899169375599997
2018-07-13,1.1412583635400004,1.1657589679800004,1.0898229866999998
2018-07-16,1.14286051908,1.1681695828300005,1.0897066460199998
2018-07-17,1.1431459398000001,1.1684518002700004,1.0889002137
2018-07-18,1.1415061791400003,1.1674436034100004,1.0884407604999997
2018-07-19,1.1419262719200003,1.1683836729600006,1.08880066702
2018-07-20,1.1466298842400002,1.1720197374800005,1.0911258312199998
2018-07-23,1.1502756991600003,1.1771124854600006,1.0937963839199998
2018-07-24,1.1498463631300002,1.1776993848300004,1.0946980503399997
2018-07-25,1.1498064592800001,1.1776757450100004,1.0944579111499997
2018-07-26,1.1506806749400003,1.1798332128000004,1.0936951586599999
2018-07-27,1.1508786699400002,1.1800071978000004,1.0935262052999997
2018-07-30,1.1537890916200004,1.1829249960600003,1.0948653056699997
2018-07-31,1.1537027141800003,1.1824841200100005,1.09421886118
2018-08-01,1.1567676131800002,1.1814218270700003,1.0978036171699999
2018-08-02,1.1577784978900003,1.1898660093300004,1.10126914733
2018-08-03,1.15430981669,1.1848557264900001,1.10206451147
2018-08-06,1.15516356263,1.1870562690400002,1.10361244823
2018-08-07,1.16761718465,1.19824509994,1.11006289031
2018-08-08,1.1682559759700002,1.1954254908400004,1.1089746158899998
2018-08-09,1.1803217094200003,1.2088938468500001,1.12155042242
2018-08-10,1.18102922234,1.2099722180100003,1.12242211674
2018-08-13,1.18092953923,1.2084186342700003,1.12170559622
2018-08-14,1.1814797362200002,1.2090155823700004,1.12114762287
2018-08-15,1.1876969377100002,1.2181868212300002,1.12658334423
2018-08-16,1.18632663989,1.2171792178600003,1.12635991473
2018-08-17,1.1881198717000003,1.2168984544900003,1.12774493233
2018-08-20,1.1919856157100002,1.2209031800000003,1.13091933488
2018-08-21,1.1914571397500002,1.2232670497300002,1.1349594346799998
2018-08-22,1.1915134777300003,1.22333743147,1.13482781777
2018-08-23,1.1913219039,1.22298658113,1.13522070254
2018-08-24,1.1901063661500002,1.2213153357800002,1.1350185356
2018-08-27,1.19952227236,1.2272429370300002,1.14226826942
2018-08-28,1.1996647159600002,1.2274358367000002,1.1424933043699999
2018-08-29,1.1992915009,1.2268968364500004,1.1421094648399999
2018-08-30,1.1954907115200002,1.2219774864000001,1.1410785391299998
2018-08-31,1.1976188145700002,1.2251422392200002,1.1433740126799998
2018-09-03,1.1974884635600003,1.22484603206,1.1434001108400003
2018-09-04,1.19725220054,1.22409358198,1.1402185085799998
2018-09-05,1.1998293750800002,1.2303358657000003,1.1393209615299997
2018-09-06,1.20027455455,1.2296755185500001,1.1386436151900001
2018-09-07,1.20036018729,1.2300518708700001,1.13891371253
2018-09-10,1.2050002355900002,1.2356404567300001,1.1430890391999997
2018-09-11,1.20489373045,1.2348034943900001,1.1426579105399997
2018-09-12,1.20357734489,1.2322839255700002,1.14176331013
2018-09-13,1.20630264241,1.23641148119,1.14424257937
2018-09-14,1.20649167443,1.2360464645700002,1.1445491371599998
2018-09-17,1.2073711111,1.2362198775700002,1.1438932763399998
2018-09-18,1.21262253026,1.24410588375,1.1509679661999999
2018-09-19,1.21178046902,1.24395921714,1.1515766486699999
2018-09-20,1.2117161587800003,1.2444420886199998,1.1521314964299998
2018-09-21,1.22017785043,1.25853796943,1.1649637342199999
2018-09-25,1.2165835954100002,1.25412728729,1.16224620952
2018-09-26,1.2190310732400003,1.2559178120599999,1.1632932007099999
2018-09-27,1.21971101373,1.25707335308,1.1637134939899998
2018-09-28,1.2211004280900002,1.25806249172,1.16385381467
2018-10-08,1.2263906058300003,1.27329470108,1.1771045535499998
2018-10-09,1.2262537760100003,1.2737937383,1.1769360041299999
2018-10-10,1.2263508278400002,1.27384541945,1.17664445264
2018-10-11,1.2452223234000002,1.28847390341,1.1964904142599997
2018-10-12,1.25146956873,1.29545897504,1.1983661078299996
2018-10-15,1.2507564184900002,1.29802685414,1.2004252711899999
2018-10-16,1.2489709033500003,1.29685632482,1.2010595566699995
2018-10-17,1.2507188752900003,1.29982938424,1.2025331242
2018-10-18,1.2508091843400002,1.29289292267,1.1987641754099996
2018-10-19,1.2514013994200002,1.2889536302399998,1.2044061284199996
2018-10-22,1.26072263275,1.2863956594999997,1.2104488225099999
2018-10-23,1.2576755840400002,1.2829234314499998,1.2087399045899996
2018-10-24,1.2574034444600002,1.2826289524399999,1.2089121643899998
2018-10-25,1.2563007232800003,1.2816435428199997,1.2085202554299999
2018-10-26,1.2575871185800005,1.2853309053199997,1.2107437867499995
2018-10-29,1.2680673645600002,1.29517299483,1.2168921810899997
2018-10-30,1.2708683214500003,1.2976774516699998,1.2199436278199998
2018-10-31,1.2724413459100004,1.2956522340299996,1.2208834782699998
2018-11-01,1.2729745919100004,1.2949556317999997,1.2219311809499998
2018-11-02,1.2759773236900003,1.3046340809499999,1.2306868679199996
2018-11-05,1.2717106562200002,1.3039265893499998,1.2280998627499995
2018-11-06,1.2713182494700002,1.3031644462299996,1.2270275512799997
2018-11-07,1.2717729288400001,1.30342795568,1.2279981760999996
2018-11-08,1.2710389615600002,1.30264072064,1.2278045786599998
2018-11-09,1.2751975780000002,1.3070823837199999,1.2317206117399997
2018-11-12,1.2777028524800003,1.3122313865599997,1.2327128163799996
2018-11-13,1.2766464120300003,1.3102444948199996,1.2309856421199996
2018-11-14,1.2805129638900004,1.3140423428199997,1.2321422238599997
2018-11-15,1.2826479027900004,1.3156038383399997,1.2351138266699997
2018-11-16,1.2833352128200002,1.3166679063199997,1.2358531564399995
2018-11-19,1.2846503227300003,1.3203119344299998,1.2384398504399996
2018-11-20,1.2901528937900002,1.3250682020299998,1.2378239936099997
2018-11-21,1.2901264208100003,1.3247111221299996,1.2375847380099996
2018-11-22,1.29072529119,1.3249416823899995,1.2384452087499995
2018-11-23,1.2997566532300002,1.3344158701599997,1.2486196988499996
2018-11-26,1.2998377542100004,1.3343833535099998,1.2486813571399997
2018-11-27,1.2992066711800003,1.33346506809,1.2482692947099996
2018-11-28,1.3019508165100002,1.3373897825699999,1.2494855415199997
2018-11-29,1.3035655061200004,1.3395272353199998,1.2496445771899996
2018-11-30,1.3043163268200002,1.34022841024,1.2513895225299996
2018-12-03,1.3152166901000004,1.35145649716,1.2620553056499997
2018-12-04,1.3135948792200003,1.3512067166,1.2626031873499997
2018-12-05,1.3127615166100002,1.35244646103,1.2610035874899996
2018-12-06,1.3155461501300003,1.35361370167,1.2622153438299994
2018-12-07,1.3147625743300002,1.35347217273,1.2624156198099994
2018-12-10,1.3172005371700002,1.35549067623,1.2647008389699996
2018-12-11,1.3182838119,1.35769584406,1.2657455403099995
2018-12-12,1.3181711139500003,1.3578751634600001,1.2654605250199995
2018-12-13,1.3155539446700004,1.360130085,1.2677453913099994
2018-12-14,1.3164020300900001,1.36141218783,1.2650012360499998
2018-12-17,1.3162691644600002,1.3610158710300002,1.2649634742599996
2018-12-18,1.3170237256000004,1.3590285930000003,1.2658249078799997
2018-12-19,1.3177156640300003,1.3577143352900003,1.2688383702499995
2018-12-20,1.3167261705900002,1.3574296570200002,1.2693735739499994
2018-12-21,1.3178910056800004,1.35790921285,1.2707232033399998
2018-12-24,1.3189024589900002,1.35845090907,1.2705510320699995
2018-12-25,1.3213787439400002,1.36073489196,1.2717358371799994
2018-12-26,1.3216106077700003,1.36107918308,1.2717480763399995
2018-12-27,1.3226256494800002,1.36179852114,1.2721095628199994
2018-12-28,1.3228415884,1.3621184730500002,1.2720667334199993
2019-01-02,1.3207503461800003,1.3599149796900003,1.2693224290499994
2019-01-03,1.3205232323200002,1.35954746187,1.2692664795299995
2019-01-04,1.3302344076400003,1.3682635863000001,1.2773298429299993
2019-01-07,1.3312319329800004,1.36942777066,1.2782899675899995
2019-01-08,1.3310492898500004,1.36920814248,1.2781465618899994
2019-01-09,1.3306460575100005,1.3710473949300002,1.2798026101599993
2019-01-10,1.3308454317500005,1.3711546437600002,1.2798578532399996
2019-01-11,1.3307334456800004,1.37085959841,1.2806848418799994
2019-01-14,1.3338739982900005,1.3735755571800001,1.2815920063599995
2019-01-15,1.3325312409500003,1.37189863974,1.2839871585999993
2019-01-16,1.3321714276800003,1.37126295553,1.2837771424999995
2019-01-17,1.3313445871200003,1.37037188602,1.2839242453599995
2019-01-18,1.3316397779000007,1.37484963726,1.2855584967399993
2019-01-21,1.3334712011700005,1.3762240049299999,1.2863774402799992
2019-01-22,1.3298341429100002,1.37340335127,1.2836845158999994
2019-01-23,1.3301854109300006,1.37368359969,1.2835953557799993
2019-01-24,1.3307542439000006,1.3741394484899998,1.2831505538199994
2019-01-25,1.3314429298800006,1.3727455182,1.2832284687999995
2019-01-28,1.3309874604000005,1.3719699463599997,1.2831052003399994
2019-01-29,1.3310985447600008,1.37276607126,1.2837052673199991
2019-01-30,1.3318993704900006,1.3733826464399999,1.2840090603399994
2019-01-31,1.3325759070100007,1.37416474038,1.2841025422599992
2019-02-01,1.3328177619600006,1.37384774283,1.2867777789299994
2019-02-11,1.3317797879000006,1.3755099531299997,1.2901954308099994
2019-02-12,1.3342211156200006,1.3783564987199999,1.2923903321799994
2019-02-13,1.3322524712800008,1.3743849128399996,1.2965341285299992
2019-02-14,1.3323004615600007,1.37491708064,1.2970718811699993
2019-02-15,1.3343138047300005,1.3779266280099998,1.2965715629699992
2019-02-18,1.3409224091500005,1.38613851883,1.3045249989799994
2019-02-19,1.3402674011500006,1.38516860413,1.3046224650799993
2019-02-20,1.3401910493200007,1.3854759811,1.3046451573099993
2019-02-21,1.3400440895600008,1.3854110113399998,1.3044673031099991
2019-02-22,1.3419465246500006,1.3823042240599999,1.3062749915999992
2019-02-25,1.3893968852900007,1.4099359842799997,1.3367473567399992
2019-02-26,1.3886245154100008,1.4125833045899998,1.3355390643199991
2019-02-27,1.3870505104500006,1.41097624639,1.3337700632999996
2019-02-28,1.3870290102300007,1.4109007803799996,1.3337412445599994
2019-03-01,1.3913910997900008,1.4132317993999999,1.3352678808199991
2019-03-04,1.3896380564400006,1.41103146212,1.3341603680899992
2019-03-05,1.3914491707600007,1.4122821034,1.3340078330199994
2019-03-06,1.3928296514900007,1.4141637595099998,1.3362520303699994
2019-03-07,1.3954566356500007,1.4157221412699994,1.3381672274899994
2019-03-08,1.4016604796400005,1.4230116708799996,1.3461492209999992
2019-03-11,1.4052005170400006,1.4226347531999997,1.3455820637599993
2019-03-12,1.4076309084400005,1.4247199966199997,1.3461415170599993
2019-03-13,1.4104040801900006,1.4279433328599997,1.3447729501399994
2019-03-14,1.4115963360800006,1.4291201677899996,1.3440195904399994
2019-03-15,1.4142619026800005,1.4297619176299996,1.3454964993999992
2019-03-18,1.4202550814400006,1.4373971126999998,1.3484379079599993
2019-03-19,1.4204621677700005,1.4363311472999998,1.3478032254099994
2019-03-20,1.4202626757900008,1.4363487340999996,1.3476760807999992
2019-03-21,1.4198407059900007,1.4363003425199996,1.3478746500799994
2019-03-22,1.4181831281100006,1.4334160337399997,1.3464959139399992
2019-03-25,1.4210996912300005,1.4380904236799996,1.3479660474199993
2019-03-26,1.4241678712900003,1.4433168046999996,1.3499687742499993
2019-03-27,1.4253025993600006,1.4435534083099995,1.3505289845299993
2019-03-28,1.4272254584200006,1.4457023074099993,1.3509866339999992
2019-03-29,1.4403932100100005,1.4586186323599997,1.3624759236199995
2019-04-01,1.4489635797100004,1.4653169111599995,1.3735772457199993
2019-04-02,1.4483411607400005,1.4642377243699993,1.3730371829199994
2019-04-03,1.4544389870800007,1.4700174565699995,1.3796430077999993
2019-04-04,1.4561441389400005,1.4716221053499994,1.382291139899999
2019-04-08,1.4568638021100007,1.4736029681399996,1.382389733479999
2019-04-09,1.4563436003700003,1.4727477532299995,1.3827851884999993
2019-04-10,1.4564467658700004,1.4729812543799994,1.3830268779499992
2019-04-11,1.4551523450300003,1.4708983498599997,1.3850791048099993
2019-04-12,1.4561525168400007,1.4713913799599994,1.385771065939999
2019-04-15,1.4584514800300006,1.4736372736899994,1.3872993484599991
2019-04-16,1.4652156512500005,1.4668905155099994,1.3925653154799993
2019-04-17,1.4653229824300005,1.4663519370499993,1.3923529815799993
2019-04-18,1.4651636544700004,1.4651832090999994,1.392121480859999
2019-04-19,1.4694172717700005,1.4711125727199994,1.3951464781999994
2019-04-22,1.4710161617100006,1.4695993429899994,1.3984615995599994
2019-04-23,1.4702954304400004,1.4692481888499995,1.3983717789399994
2019-04-24,1.4690566585900007,1.4685768464899993,1.3976795987999993
2019-04-25,1.4712407511300005,1.4691373761599993,1.4042012749799995
2019-04-26,1.4743036775400005,1.4713575509899992,1.4058746986399995
2019-04-29,1.4728254892900003,1.4715881091699992,1.4075484373999994
2019-04-30,1.4727159909100005,1.4712651585599992,1.4073095003499994
2019-05-06,1.4926259324000004,1.4875474102399993,1.4285054051699995
2019-05-07,1.4941310802600005,1.4886170503799991,1.4306255063299995
2019-05-08,1.4908560833500004,1.486401550709999,1.4318217579199994
2019-05-09,1.4904323274700004,1.4889606022699993,1.4317507543999994
2019-05-10,1.5029667852200006,1.5016280038699992,1.4373915142999996
2019-05-13,1.4959099693500004,1.4945763797699994,1.4347441594399994
2019-05-14,1.4957230744700003,1.4937884770899992,1.4340537501399995
2019-05-15,1.5060526383100004,1.5054436150499992,1.4418945510799994
2019-05-16,1.5057269384800005,1.5056800336599991,1.4424316745499994
2019-05-17,1.5101921281700006,1.5134644373199992,1.4427021320499995
2019-05-20,1.5099594637500005,1.5131283299999994,1.4413736476399994
2019-05-21,1.5129294206500004,1.5171734865399993,1.441778356859999
2019-05-22,1.5137725443300003,1.5173584809399991,1.4419422560399993
2019-05-23,1.5177813622100005,1.524681165919999,1.4432265576999994
2019-05-24,1.5177799292400005,1.5246606648799992,1.4434289705799992
2019-05-27,1.5209165265600004,1.5281074029599993,1.445567422459999
2019-05-28,1.5207341894400006,1.5272130426399992,1.4453203367999992
2019-05-29,1.5212702930100004,1.5277546931799995,1.4453027578499995
2019-05-30,1.5207956716300004,1.5273059142299994,1.4448444883299993
2019-05-31,1.5200638130500006,1.5260825686499995,1.4435554185499992
2019-06-03,1.5204388950300007,1.5268297253399992,1.4441190663299994
2019-06-04,1.5213042918700006,1.5288359772099993,1.4448413557499993
2019-06-05,1.5208951316400006,1.5275084639499994,1.4443813861699992
2019-06-06,1.5205020506500007,1.527045407609999,1.4440803647299993
2019-06-10,1.5220014684000005,1.5262186039099994,1.4463731322099993
2019-06-11,1.5269765809900004,1.5286274675699991,1.4511557294799993
2019-06-12,1.5258275862200006,1.5271894306399991,1.4501550436499995
2019-06-13,1.5252412548000007,1.5262725420399992,1.4498428838299995
2019-06-14,1.5247004060400007,1.5231467791199995,1.4470242473099992
2019-06-17,1.5238329646300006,1.5220780607199993,1.4470010847099992
2019-06-18,1.5232853844500005,1.5206313825699993,1.4464636372399993
2019-06-19,1.5236287280400007,1.5207363183199996,1.4461850772199993
2019-06-20,1.5346222748300007,1.5366991875799993,1.4532297556199993
2019-06-21,1.5357349474500006,1.5393286314999992,1.4555712361199995
2019-06-24,1.5358932979900006,1.5395667272599993,1.4557046529799995
2019-06-25,1.5362448382600005,1.5362114653299992,1.4516213657099997
2019-06-26,1.5362938725200004,1.536509489339999,1.4516797786899995
2019-06-27,1.5361932580200004,1.5334623139699992,1.4506257979499992
2019-06-28,1.5362681713800006,1.5339115424299994,1.4508133983599993
2019-07-01,1.5462309530200005,1.5421326118699994,1.4552622153899994
2019-07-02,1.5462165274400006,1.5422091629699992,1.4553088976899995
2019-07-03,1.5437193639500004,1.5384259449899993,1.4543785384999994
2019-07-04,1.5444666080100007,1.5399187778599992,1.4544634394799993
2019-07-05,1.5442430280200008,1.5381683617899993,1.4540635062899996
2019-07-08,1.5564990481100005,1.5534606983099994,1.4575361067699995
2019-07-09,1.5566708128500006,1.5535333339599993,1.4575393595999995
2019-07-10,1.5559216759100005,1.5529479389799994,1.4575684684499997
2019-07-11,1.5558525741500007,1.5529119015199995,1.4574788619599996
2019-07-12,1.5554904303200006,1.5529588430099992,1.4597509121699994
2019-07-15,1.5556175522000004,1.5530524133699994,1.4612227263699995
2019-07-16,1.5552039225000005,1.5521575965299994,1.4608779623999997
2019-07-17,1.5551667524900006,1.5519484444999996,1.4607071934299993
2019-07-18,1.5558355647700004,1.5507872804199996,1.4599588827899994
2019-07-19,1.5579649654200005,1.5551000496299994,1.4619888248399995
2019-07-22,1.5579148731400005,1.5532231578099995,1.4614778117699996
2019-07-23,1.5585346836600005,1.5546550840499995,1.4620526798899993
2019-07-24,1.5583675421800005,1.5527071575099995,1.4617498401099998
2019-07-25,1.5573852684200005,1.5512485875499995,1.4617487477899995
2019-07-26,1.5569852378200004,1.5503329576599996,1.4617173022699994
2019-07-29,1.5567700935900004,1.5501138589899994,1.4613257374699995
2019-07-30,1.5574174900300004,1.5491762637799997,1.4615243973099994
2019-07-31,1.5587845731700005,1.5501745845599995,1.4623387208199994
2019-08-01,1.5600489511900002,1.5525638632799996,1.4614266330999994
2019-08-02,1.5590494043900003,1.5520047937799994,1.4647361081599994
2019-08-05,1.5579536663900004,1.5501351812799995,1.4666727527599992
2019-08-06,1.5611874635300003,1.5562616794199995,1.4706568562499995
2019-08-07,1.5617361468000002,1.5551628967599995,1.4711505300099992
2019-08-08,1.5610990088200003,1.5553998717799995,1.4706302300099994
2019-08-09,1.5586191555200004,1.5521657109999996,1.4683609363899994
2019-08-12,1.5614995218500003,1.5547862668899997,1.4715599470299996
2019-08-13,1.5610979442100006,1.5527426344299995,1.4697816587099992
2019-08-14,1.5601618510600004,1.5504790891899995,1.4708423936599995
2019-08-15,1.5610332778300005,1.5505552330999997,1.4726531010199992
2019-08-16,1.5609924590300004,1.5511825136599997,1.4731190334799993
2019-08-19,1.5723806732000005,1.5633003517999995,1.4770366668599995
2019-08-20,1.5724800145100004,1.5633870542699995,1.4764513725499993
2019-08-21,1.5723701660600005,1.5631676030799997,1.4766020419099994
2019-08-22,1.5722014962600004,1.5628654695099995,1.4764357401499995
2019-08-23,1.5706736741500005,1.5598286219399995,1.4747484978099992
2019-08-26,1.5727564730400005,1.5612071892999997,1.4759185017199994
2019-08-27,1.5713277130200005,1.5581279155899996,1.4759474972599993
2019-08-28,1.5711740636100004,1.5581029144599996,1.4759467360999994
2019-08-29,1.5713510040300005,1.5583431062199995,1.4753480791999993
2019-08-30,1.5708989061500003,1.5570331128499997,1.4750259571899993
2019-09-02,1.5728968076600003,1.5590861527099995,1.4777030801299993
2019-09-03,1.5730019164400004,1.5585379130899997,1.4777495714999993
2019-09-04,1.5725234701900006,1.5575208556799998,1.4799328168899994
2019-09-05,1.5755322399500002,1.5605199787999997,1.4819790864299993
2019-09-06,1.5742105208100003,1.56055056372,1.4813975638299992
2019-09-09,1.5760553795400005,1.5629329960899996,1.4831833358299993
2019-09-10,1.5754215215000005,1.5625159680199998,1.4826824409699992
2019-09-11,1.5736493372500004,1.5614761681499996,1.4816312506599993
2019-09-12,1.5698468305100002,1.5580456247999996,1.4792042439299993
2019-09-16,1.5704150752300006,1.5585280353999995,1.4801241433299992
2019-09-17,1.5744720424400003,1.5637511089499998,1.4825200338299993
2019-09-18,1.5744854767600003,1.56356367285,1.482141606469999
2019-09-19,1.5762245086300002,1.5661360113599996,1.4829828508399991
2019-09-20,1.5761669020500002,1.5660613607899998,1.483136574119999
2019-09-23,1.5759312325100003,1.5641453950499997,1.4823071958999992
2019-09-24,1.5757807280100002,1.5638434024099999,1.4821392968899991
2019-09-25,1.5785939931500002,1.56616446212,1.4828443055899991
2019-09-26,1.58374284363,1.57229428238,1.485130135249999
2019-09-27,1.5827873223200002,1.57059534839,1.4840587719299991
2019-09-30,1.5831242544000002,1.5727528517499998,1.483961393289999
2019-10-08,1.58451743588,1.5747047067499997,1.4857008086699992
2019-10-09,1.5842510654000002,1.5745538696899999,1.4855008962099991
2019-10-10,1.5878493295900002,1.5784148870999997,1.4887244814799991
2019-10-11,1.5894819921400003,1.5793821048899999,1.4914660715899992
2019-10-14,1.5912989478100004,1.5814245724799996,1.494626191789999
2019-10-15,1.5899588865500003,1.5789668824199998,1.4927020690499992
2019-10-16,1.5886979587300003,1.5770376706599998,1.4909784310899992
2019-10-17,1.5885513184800002,1.5768483144799998,1.4910767865099992
2019-10-18,1.5963019058500003,1.5831833004099998,1.4946384535499992
2019-10-21,1.5952019113700004,1.5815895586899997,1.4941760960299992
2019-10-22,1.5963981595400005,1.5823258456,1.4944328914099994
2019-10-23,1.5967109108000002,1.5843971799999998,1.4950077160999993
2019-10-24,1.5962431052200006,1.58402047496,1.4948854416999993
2019-10-25,1.5961320847100002,1.5836506196899998,1.4944584485099992
2019-10-28,1.5975354632200003,1.58552789416,1.4946828795699991
2019-10-29,1.6004036916800006,1.5887253255,1.495536804809999
2019-10-30,1.5990909673700004,1.58734914805,1.493773218289999
2019-10-31,1.5986792662200005,1.58728893103,1.4936753104499991
2019-11-01,1.5946671474400003,1.5809575296099998,1.4910696285699991
2019-11-04,1.5947693494600006,1.5801502723299998,1.4911150390599992
2019-11-05,1.5960302370000006,1.5803330639300002,1.4921555491399994
2019-11-06,1.5952691155000005,1.5790302508299998,1.4905353883599992
2019-11-07,1.5948143335200005,1.5778438614899997,1.4907619395299994
2019-11-08,1.5923864296400003,1.57530313086,1.4886479119699993
2019-11-11,1.5964266071000004,1.58225682028,1.4923050754699991
2019-11-12,1.5960515091800003,1.58154593794,1.4921257181299992
2019-11-13,1.5956130769700003,1.58100605506,1.4918635755799992
2019-11-14,1.5960549866000004,1.5812997577599996,1.4916870670099993
2019-11-15,1.5958295440900003,1.58031253027,1.4914761361399993
2019-11-18,1.5985877036700002,1.5845538023699999,1.4938704131799994
2019-11-19,1.5999717440500008,1.5867573234699999,1.4978657534699993
2019-11-20,1.6050696326100005,1.5927172003099999,1.4998915347599993
2019-11-21,1.6060457814200002,1.59357241033,1.5000233500699993
2019-11-22,1.6084380595300005,1.59542670189,1.5017537615499992
2019-11-25,1.6093262043200007,1.5968921109699998,1.5022315562299993
2019-11-26,1.6091134096900006,1.5965387823199997,1.5021049977499994
2019-11-27,1.6093351337900004,1.5972729075999996,1.5022756572699991
2019-11-28,1.6084113599900005,1.5967333653399998,1.5012379126599993
2019-11-29,1.6073272231400004,1.5962693160499994,1.5005444540199993
2019-12-02,1.6077798281600004,1.5965115373099996,1.5011143631199995
2019-12-03,1.6077351936500004,1.5965660096599996,1.5009271857699993
2019-12-04,1.6069426847700004,1.5959523270599996,1.5002888412499993
2019-12-05,1.6038993953300003,1.5934631042699996,1.499466394829999
2019-12-06,1.6068737882700004,1.5978722886199999,1.5013393222199993
2019-12-09,1.6069551179500006,1.5983966284399995,1.5012185690699993
2019-12-10,1.6079625417400005,1.5994699768699996,1.5017429648399994
2019-12-11,1.6073607051600003,1.5990981730899996,1.5014928392199993
2019-12-12,1.6080835423800004,1.5999264525099997,1.5016173574199994
2019-12-13,1.6070597809500002,1.5940424672799998,1.5039750423299993
2019-12-16,1.6060500317300002,1.5928331392999997,1.5034772075099994
2019-12-17,1.6102907419500003,1.5979640495799996,1.5083377279499994
2019-12-18,1.6101461949900002,1.5977353915399997,1.5082629098099996
2019-12-19,1.6097581606200004,1.5976442171199996,1.5080188444899993
2019-12-20,1.60872126307,1.5963594316599998,1.5065306267399994
2019-12-23,1.60634434757,1.5940727607699998,1.5078298946599993
2019-12-24,1.6059356627600003,1.5938767607499997,1.5073611412699992
2019-12-25,1.6057270602800002,1.5938426830899997,1.5069198792499994
2019-12-26,1.6055173362100001,1.5920712246099997,1.5060448893299994
2019-12-27,1.6058716449500003,1.5921053487699994,1.5058285409899992
2019-12-30,1.61020923475,1.5997400338499996,1.5105972505499992
2019-12-31,1.61060769999,1.5993651951299996,1.5112905990099992
2020-01-02,1.6061816435300003,1.5965592249499998,1.5121160207499995
2020-01-03,1.6058066855200002,1.5962082544899998,1.5118443787999996
2020-01-06,1.6056752293900003,1.5962247558699998,1.5120295989299994
2020-01-07,1.6081243435000003,1.5978073750899997,1.5124356945599995
2020-01-08,1.6093103717500001,1.5989610884299998,1.5146012605999994
2020-01-09,1.6111430579200003,1.6030039136299996,1.5154946195299994
2020-01-10,1.6108015843700003,1.60254678468,1.5150867572399993
2020-01-13,1.6150836660700003,1.6058440130299998,1.5185598918499994
2020-01-14,1.6163721976500003,1.60650770315,1.5186717901799993
2020-01-15,1.6175251037500002,1.6090370401699996,1.5187585452199996
2020-01-16,1.6177640889100002,1.6091530353499999,1.5188878222399993
2020-01-17,1.61751445863,1.6089562873399996,1.5188855550799993
2020-01-20,1.62061246336,1.6114325202199997,1.5201990537699994
2020-01-21,1.6213293635,1.6092724322599996,1.5218809052299995
2020-01-22,1.6216145561600002,1.6092299606399996,1.5221941217699995
2020-01-23,1.63282300041,1.6210642284699999,1.5330878515999995
2020-02-03,1.6868449242799999,1.6874693067399997,1.5856823482599995
2020-02-04,1.686987905,1.6968102975399995,1.5840779952399993
2020-02-05,1.6868432402,1.6961994668399998,1.5816111741999994
2020-02-06,1.69376161563,1.7038909915599998,1.5915558013699993
2020-02-07,1.69386727783,1.7041894879199997,1.5926353154099995
2020-02-10,1.69205991008,1.7024115885799995,1.5909977704699994
2020-02-11,1.69325500967,1.7023634457499994,1.592178650379999
2020-02-12,1.6967457898699998,1.7043968515899997,1.5940881069299992
2020-02-13,1.69647221429,1.7039680216899995,1.5926066634899994
2020-02-14,1.6961039616899996,1.7023218488899994,1.5932058956999993
2020-02-17,1.70853493967,1.7128126977699996,1.6017412732499996
2020-02-18,1.7093670533299996,1.7145181560999994,1.6018047390599994
2020-02-19,1.70916755595,1.7146487076499997,1.6017092690699992
2020-02-20,1.71269774229,1.7227665784299993,1.6086273015099994
2020-02-21,1.7154512065099998,1.7248113340799998,1.6103048110399996
2020-02-24,1.7151738939099999,1.7243519509199996,1.6104767196399994
2020-02-25,1.71464166842,1.7234186415999995,1.6102197275999997
2020-02-26,1.7143465876500001,1.7229923705199994,1.6093346027299995
2020-02-27,1.7143120249200001,1.7229449837299995,1.6093648859799996
2020-02-28,1.7286033947599997,1.7369758580799994,1.6186550395199995
2020-03-02,1.73665496104,1.7413248559799996,1.6243996845499997
2020-03-03,1.73710644158,1.7410936483399997,1.6237928631699994
2020-03-04,1.73737742358,1.7414888755499998,1.6256491655599994
2020-03-05,1.7413168092499995,1.7496216027699996,1.6322088865099997
2020-03-06,1.73942465131,1.7459185746899997,1.6313833121299999
2020-03-09,1.7466572820699997,1.75026342162,1.6299706671899998
2020-03-10,1.7481477637499996,1.74812699366,1.6270101209299996
2020-03-11,1.7432461943999997,1.7400398373299995,1.6297284348099994
2020-03-12,1.7473521448799996,1.7428789394699993,1.6337092513299998
2020-03-13,1.7483873179399996,1.7452609146899993,1.6350562075099997
2020-03-16,1.7583513257399999,1.7498452209399993,1.6497266743599996
2020-03-17,1.7583136674899997,1.7492830247799995,1.6491935654199998
2020-03-18,1.7603922365699998,1.7424806870199996,1.65034832534
2020-03-19,1.7603372798799997,1.7421041136499993,1.6505090424299997
2020-03-20,1.76374756891,1.7478512710099998,1.65376457119
2020-03-23,1.7653857759499993,1.7461104505399996,1.6584815612400003
2020-03-24,1.7691629436499996,1.7528337549399995,1.6669568789399998
2020-03-25,1.76111913217,1.7400145798599997,1.66402161982
2020-03-26,1.7619357172199999,1.7407792171299996,1.6634281693200001
2020-03-27,1.7614858788199996,1.7405422340999994,1.66398078602
2020-03-30,1.7610911179999995,1.7406673721199997,1.66357612862
2020-03-31,1.7621655939999996,1.7420304823999997,1.6637970572199998
2020-04-01,1.7620918913399994,1.7420630311399998,1.6636836039699998
2020-04-02,1.7650011565999995,1.7459534960199996,1.6722114043499998
2020-04-03,1.7662405618199997,1.7465943134399995,1.6717745471999998
2020-04-07,1.7723171581899997,1.7532035103099997,1.6776822574899997
2020-04-08,1.7721076022299995,1.7523393142699994,1.67739554935
2020-04-09,1.7718861928499994,1.7517946490299996,1.6766549708899998
2020-04-10,1.7707004213499995,1.7514618768599997,1.67600046645
2020-04-13,1.7709423799199993,1.7516954235699997,1.67648328158
2020-04-14,1.7672294303999994,1.7514506616599994,1.67672295745
2020-04-15,1.7673942967799992,1.7516774303199996,1.67766132877
2020-04-16,1.7666301706199994,1.7504978267799993,1.6780018238499999
2020-04-17,1.7668387396499994,1.7521702671399995,1.6790475920799999
2020-04-20,1.7677847528199992,1.7543007650399995,1.67981799877
2020-04-21,1.7659966922599992,1.7524657923999996,1.6769446588499999
2020-04-22,1.7631983199899992,1.7479832103199997,1.6758795757099998
2020-04-23,1.7627739750699996,1.7487806281899996,1.6760978384699998
2020-04-24,1.7633971720999995,1.7502184178499993,1.6771631912199998
2020-04-27,1.7642326841399993,1.7493528334499993,1.6778646881
2020-04-28,1.7650652519199992,1.7505054363599994,1.67858635231
2020-04-29,1.7655740000799995,1.7504485332199995,1.68017416059
2020-04-30,1.7683847825799994,1.7575334603499995,1.6867529713699998
2020-05-06,1.7690343986399995,1.7583688364899992,1.6877890186499998
2020-05-07,1.7689414153299994,1.7581858860799995,1.68748136342
2020-05-08,1.7714865014599996,1.7615975618499995,1.6884429681500002
2020-05-11,1.7715131864699993,1.7615167229399995,1.6883900113299999
2020-05-12,1.771328702439999,1.7609500854899993,1.6884549829199995
2020-05-13,1.768408618499999,1.7594548119899993,1.6882168515999996
2020-05-14,1.769822863159999,1.7605943873099994,1.6894452771999997
2020-05-15,1.769836246419999,1.7600367445499991,1.6897442648799996
2020-05-18,1.7703570427399993,1.7614941061799991,1.6905167617099996
2020-05-19,1.7719275168699995,1.7647679609099993,1.6915042194599996
2020-05-20,1.7726170074999996,1.766086071269999,1.6913270444499995
2020-05-21,1.7752703552099995,1.770525926459999,1.6916797489899995
2020-05-22,1.7738236735399995,1.7753668749999993,1.6922233643499995
2020-05-25,1.7727699769399994,1.7734277049999994,1.6917930344899996
2020-05-26,1.7720258580399992,1.772440789559999,1.6898708888999996
2020-05-27,1.771069117629999,1.771084942459999,1.6888303086299996
2020-05-28,1.7708508037999995,1.770883241459999,1.6887680038999997
2020-05-29,1.7717407059199997,1.772017555419999,1.6894977244599996
2020-06-01,1.7852064187699994,1.783376443579999,1.7018933792399997
2020-06-02,1.7855190408499995,1.783597894759999,1.7018771370599994
2020-06-03,1.7853521391499996,1.783608739459999,1.7017656621099992
2020-06-04,1.7851273424599992,1.7833858192799992,1.7016983058099995
2020-06-05,1.7848668739999995,1.781408157999999,1.7020890752099995
2020-06-08,1.7846755112399992,1.7814299194399992,1.7021610551499993
2020-06-09,1.7838173212999993,1.778770057509999,1.7017654263599995
2020-06-10,1.7836547953799995,1.778080195869999,1.7016340861599994
2020-06-11,1.7861663416399993,1.779342662689999,1.7026930956599993
2020-06-12,1.7854992888199994,1.7788585666999992,1.7029384574099993
2020-06-15,1.7849905746899997,1.7812686947199994,1.7021387367699992
2020-06-16,1.7898948393099994,1.785426099499999,1.7075796779599994
2020-06-17,1.7895184800899997,1.7853483155399992,1.7079197684599996
2020-06-18,1.79159762317,1.788596663679999,1.7099924864599996
2020-06-19,1.79411324282,1.7924511664999991,1.7135727939599996
2020-06-22,1.7940056499199997,1.7924200713799991,1.7133778187999993
2020-06-23,1.7941444710199996,1.7931188025799991,1.7147043944999993
2020-06-24,1.7920261856999997,1.7899456722399991,1.714480050469999
2020-06-29,1.79287784872,1.792390687029999,1.7160840393199992
2020-06-30,1.79140478816,1.7885625291499991,1.7153225741699991
2020-07-01,1.7920783183299998,1.7888826252399992,1.715669181049999
2020-07-02,1.8052377123299999,1.7998739993999997,1.7246997403899988
2020-07-03,1.8095790586999998,1.8055416527499992,1.728570410729999
2020-07-06,1.8486154047399999,1.8390923928699994,1.7702409861299992
2020-07-07,1.8464074504199999,1.8394120946999992,1.768758588339999
2020-07-08,1.84847805275,1.8393532554499994,1.7720350897099988
2020-07-09,1.85355105839,1.8466673483399993,1.7786744524199987
2020-07-10,1.85474100825,1.8477628476399994,1.780381406309999
2020-07-13,1.8571905640099997,1.8474096290399995,1.782384262309999
2020-07-14,1.8637287109399998,1.8556650841299995,1.7859079878699986
2020-07-15,1.86628284248,1.8576745102399996,1.7854142568699989
2020-07-16,1.8792292586299997,1.8631897152899994,1.8000979079499988
2020-07-17,1.8790331614099995,1.8638781677499996,1.7998978029099988
2020-07-20,1.8921119470299996,1.8774073519199996,1.8030074623399988
2020-07-21,1.8915488742599997,1.8769233665899996,1.802981760179999
2020-07-22,1.89201755641,1.8769688582499995,1.8037543338899988
2020-07-23,1.8919977159599997,1.8768352142899996,1.8036892947199987
2020-07-24,1.89188463934,1.8919669649699995,1.814069209169999
2020-07-27,1.8908359903299998,1.8910210751099996,1.8130554680699988
2020-07-28,1.8899251747299999,1.8902046226499996,1.8118985222699986
2020-07-29,1.9027949453299997,1.8911254828699995,1.816712026109999
2020-07-30,1.9019654867799998,1.8889875395699995,1.8151885294599985
2020-07-31,1.9024627199799997,1.8901491885899995,1.815633465999999
2020-08-03,1.9113195585999998,1.8953366946599994,1.8203206884099987
2020-08-04,1.9114882734599996,1.8963120591799993,1.8206920433999987
2020-08-05,1.9112494030999994,1.8960942816399997,1.8203292671199989
2020-08-06,1.9114318689099998,1.8963532301699997,1.8203715314299989
2020-08-07,1.9099506977599998,1.8935679939299994,1.8206114022899988
2020-08-10,1.9099719950299998,1.8936300867899996,1.8207140582399988
2020-08-11,1.9106410523399997,1.8916883944899996,1.819787407389999
2020-08-12,1.9089798936399998,1.8908408803999994,1.8189308853399988
2020-08-13,1.9089496514499997,1.8902716950499994,1.8183006809999989
2020-08-14,1.9068193384099998,1.8895541828999995,1.8198480401799988
2020-08-17,1.9069685016999998,1.8902040166699996,1.8224761019899989
2020-08-18,1.9068971626499998,1.8903968118899996,1.822615511569999
2020-08-19,1.90130619813,1.8880748686799993,1.8185690258599987
2020-08-20,1.9015110743099997,1.8864118829199996,1.8163276052999988
2020-08-21,1.9035126511699998,1.8879702263999998,1.8158897292899987
2020-08-24,1.9033605472999997,1.8878553554999997,1.8154288163799988
2020-08-25,1.90394672425,1.8889438732,1.815710323119999
2020-08-26,1.90423905658,1.8918089653799997,1.8150550575899989
2020-08-27,1.90373026877,1.8914519874899998,1.815119799319999
2020-08-28,1.89721035875,1.8784248046499998,1.8083753657599988
2020-08-31,1.89618300074,1.8763235538399996,1.8090353312199992
2020-09-01,1.8990530137399997,1.8788245762199998,1.8112461472399988
2020-09-02,1.8975430591499995,1.87645013654,1.8099952083899988
2020-09-03,1.8971607657999998,1.8762709064299998,1.8098792053599988
2020-09-04,1.8993142163999996,1.87958772835,1.8120467377999987
2020-09-07,1.90223037404,1.8876002006800001,1.8170159074399992
2020-09-08,1.9029130767799998,1.88916435486,1.8173341963199992
2020-09-09,1.90986230846,1.89064306806,1.8222968192999993
2020-09-10,1.909026734,1.8905181421800001,1.8228053028599986
2020-09-11,1.90893626539,1.8923248902900003,1.8226470303699989
2020-09-14,1.9072890456,1.89152086977,1.820953463929999
2020-09-15,1.9080252212399997,1.89164713377,1.821608550609999
2020-09-16,1.9073332062,1.8909282061200003,1.819996281459999
2020-09-17,1.90713869202,1.8898966099,1.820042745579999
2020-09-18,1.91279593002,1.89656007972,1.8248566299099989
2020-09-21,1.9112202536999998,1.89513877796,1.824242985689999
2020-09-22,1.9090097260499996,1.88987646338,1.8217676815499988
2020-09-23,1.90851022832,1.8895105953800002,1.8216452522899986
2020-09-24,1.9111106752199998,1.89570855293,1.8266093753199986
2020-09-25,1.9105675940700002,1.8950048555399999,1.8262158990699988
2020-09-28,1.90955826546,1.89236894441,1.8255059160999985
2020-09-29,1.90957420998,1.8914565212100003,1.8257007590599985
2020-09-30,1.9115932531300002,1.89397127588,1.8257752928699984
2020-10-09,1.9152741040200003,1.8970613955100002,1.8307436191199984
2020-10-12,1.9252805881800004,1.9041931579499998,1.8411539631599985
2020-10-13,1.9252937821800002,1.90435318155,1.8413344592299985
2020-10-14,1.9240977361100002,1.9031960800999999,1.8398633801499982
2020-10-15,1.9237259576800003,1.9027635361300002,1.839322176879998
2020-10-16,1.9218603516000003,1.9017980357800002,1.838416121399998
2020-10-19,1.9223391098900005,1.90220996273,1.839227667229998
2020-10-20,1.9222761683900003,1.90224539623,1.8395914417999986
2020-10-21,1.9225128044700002,1.90196979203,1.8399782098599982
2020-10-22,1.9233529489100003,1.9028713721,1.8404879914699983
2020-10-23,1.9249804578900005,1.90423063114,1.8409049187799984
2020-10-26,1.9247226826500006,1.9035649911299999,1.8406341948699982
2020-10-27,1.9243456175900007,1.90286281256,1.8404607221799982
2020-10-28,1.9230168179400005,1.8998578180999999,1.840896576209998
2020-10-29,1.9254157265900007,1.9025047434800002,1.8421354130499983
2020-10-30,1.9260816038100004,1.9012054736800004,1.8423689929899982
2020-11-02,1.9275356789900007,1.9034578464500003,1.8428814264999986
2020-11-03,1.9265821076700005,1.9032656798100005,1.8432114827799984
2020-11-04,1.9283459046700004,1.9052946952700003,1.8438908821599986
2020-11-05,1.9292511205100007,1.906858589,1.8451293871399987
2020-11-06,1.9294577868400007,1.9076295006600004,1.8447736500799985
2020-11-09,1.9331239970200007,1.91089149765,1.8505256285099987
2020-11-10,1.9344447002200007,1.9113907952900004,1.8503375575899987
2020-11-11,1.9331607953800005,1.9109245553700003,1.8494356317099987
2020-11-12,1.9333220811000005,1.9111551091800003,1.8493216182099985
2020-11-13,1.9320474880200005,1.9077924215000002,1.8499603736899985
2020-11-16,1.9281047707200007,1.9034063551100004,1.8495721038799986
2020-11-17,1.9281793470600004,1.90316602769,1.8499372949599986
2020-11-18,1.9279919389800004,1.9025896918900003,1.8499735565599988
2020-11-19,1.9281038418500003,1.9035947620200002,1.8504507960199985
2020-11-20,1.9277956075300007,1.9043433516600003,1.8508893710099985
2020-11-23,1.9295031874100008,1.9050500305100002,1.8541235791199984
2020-11-24,1.9302995686100006,1.9045739484100004,1.8532033176599985
2020-11-25,1.9278423038200005,1.9037532648400002,1.8515353247299986
2020-11-26,1.9272413124300007,1.9026463777000002,1.8512557673199987
2020-11-27,1.926823886850001,1.8992346707200003,1.8474980816299986
2020-11-30,1.9249613973500004,1.89691533518,1.8477733703899983
2020-12-01,1.9265307939100007,1.89604647396,1.8507123137899986
2020-12-02,1.9255022332500007,1.89475286592,1.8501491820699987
2020-12-03,1.9256273637000008,1.8953479581,1.8502746353199986
2020-12-04,1.925514456020001,1.89496277098,1.8506999453799986
2020-12-07,1.9254270827900006,1.89525203535,1.8497193520599986
2020-12-08,1.924550777270001,1.8956275961499998,1.8490274238699984
2020-12-09,1.9270747164500006,1.9007574487,1.8510048139299988
2020-12-10,1.9258611431300006,1.8992960366399998,1.8504346917799988
2020-12-11,1.931542270580001,1.9001252853400001,1.8535733976299986
2020-12-14,1.9288828783600007,1.8949603617799997,1.852961630769999
2020-12-15,1.9289586062100008,1.89505146536,1.8529350367799988
2020-12-16,1.9286472182500007,1.89467846392,1.853127634639999
2020-12-17,1.9308619767600006,1.90117313648,1.8561694685399988
2020-12-18,1.9304136512400007,1.90098551381,1.855182820469999
2020-12-21,1.9349187427200005,1.9064131701300002,1.8579325803699986
2020-12-22,1.938860196580001,1.90657794852,1.855515216559999
2020-12-23,1.9384043653000007,1.9050026493299999,1.8543661012999988
2020-12-24,1.9394121878400006,1.9067393736000005,1.8551910235799989
2020-12-25,1.9383942641800003,1.90426205084,1.8552855889499988
2020-12-28,1.9388792988400005,1.9048970024700003,1.8557845060399991
2020-12-29,1.9388654332000004,1.90487139654,1.855337778999999
2020-12-30,1.9423814892000009,1.9055079065100002,1.8585315636399988
2020-12-31,1.9409747522000003,1.90622880381,1.8606229212399987
2021-01-04,1.9419317513200007,1.9068248688499998,1.8608243806199989
2021-01-05,1.9436346492800005,1.91173815663,1.866384206559999
2021-01-06,1.9454688722400004,1.91434542241,1.8679253827199989
2021-01-07,1.9467401524800005,1.9116564231100002,1.869476027019999
2021-01-08,1.9462987396400007,1.9121054478800001,1.8691045410899987
2021-01-11,1.9476888813400004,1.9158670755,1.8686962565399985
2021-01-12,1.9544003580100004,1.92040527234,1.8756676886099988
2021-01-13,1.9533621128300005,1.91942223016,1.8757953887899985
2021-01-14,1.9571226591700006,1.92138119377,1.8768127739899982
2021-01-15,1.9583441783700004,1.92292237552,1.8772792976899986
2021-01-18,1.9611273617700002,1.9223771363799997,1.8767814485299985
2021-01-19,1.9592302050300001,1.9193482412399998,1.8762073983799987
2021-01-20,1.9569121317600002,1.9176054985599995,1.8762256839399984
2021-01-21,1.9554880899700002,1.9134455955699996,1.8773887946299987
2021-01-22,1.9553111016700002,1.9132712545299997,1.8773339825299988
2021-01-25,1.9539008112900003,1.9128225813999997,1.8779257953699984
2021-01-26,1.9548806534100003,1.9126560853599996,1.8797156120499987
2021-01-27,1.9544664640500005,1.9124402680899997,1.8795479290599986
2021-01-28,1.9575925058000003,1.9135853196699997,1.8814813155599985
2021-01-29,1.9569911957800006,1.9118330943099997,1.8821508314499986
2021-02-01,1.9589323113100003,1.9125750493899993,1.8813696546699987
2021-02-02,1.9592646431100007,1.9149742883099994,1.8801388156899985
2021-02-03,1.9591925220600004,1.9153766896599995,1.8804012860899988
2021-02-04,1.9580701224800006,1.9138632572099996,1.8799544081299986
2021-02-05,1.9570732088900002,1.9129424963799997,1.8790159416499987
2021-02-08,1.9581340244400005,1.9123400279999996,1.8794464325399984
2021-02-09,1.9565149398000006,1.9136558584799996,1.8851549029299985
2021-02-10,1.9607998704400005,1.9202091045799994,1.8902957220699987
2021-02-18,1.9615017425700005,1.9210644803099994,1.8904315204199988
2021-02-19,1.9628711217000008,1.9219090622799992,1.8924285057399988
2021-02-22,1.9595395439200005,1.9151356928199994,1.890719585179999
2021-02-23,1.9596682691000007,1.9151123852299996,1.890622019259999
2021-02-24,1.9676063810800009,1.9258189358899993,1.8988838624099988
2021-02-25,1.965071349420001,1.9230615218699993,1.896854913849999
2021-02-26,1.9657880523300009,1.9217460399299993,1.901425996539999
2021-03-01,1.966179638730001,1.9226212330499992,1.9020643416999994
2021-03-02,1.9667663320600008,1.9224191290799995,1.9035967884699991
2021-03-03,1.969340198710001,1.9259331658499994,1.9065430585399992
2021-03-04,1.9720088413600005,1.927132593919999,1.9101390479799991
2021-03-05,1.9713323939800007,1.9268833348799994,1.9098540892799993
2021-03-08,1.9884025769400007,1.9481681647999993,1.9230913907599994
2021-03-09,1.9914864522400006,1.9528158166499991,1.9258001154299988
2021-03-10,1.990293243480001,1.9527862304199994,1.926429634739999
2021-03-11,1.9822893481000008,1.9468051497999994,1.9248271345799992
2021-03-12,1.982301662820001,1.9468261326799996,1.9248431867999993
2021-03-15,1.9830195076600008,1.9469453440799995,1.9226639373999992
2021-03-16,1.983968874220001,1.9481787416099996,1.923791913919999
2021-03-17,1.9836527297500008,1.9479926053099994,1.9242708077799993
2021-03-18,1.984949214590001,1.9498865371899996,1.9250244929799991
2021-03-19,1.984905307640001,1.9469424271999995,1.9244037135699992
2021-03-22,1.9889436494700012,1.9520561490899997,1.9276184875799993
2021-03-23,1.988587719980001,1.9501642459999995,1.9273826555599993
2021-03-24,1.9899411240600013,1.9543279547499997,1.9277421243899995
2021-03-25,1.989424016900001,1.9540695215599995,1.9273662996099996
2021-03-26,1.9914132761000012,1.9549811282799996,1.9299519819899993
2021-03-29,1.9912216962800011,1.9549057907199998,1.9298636784499992
2021-03-30,1.9892873028000013,1.9520127881899996,1.930997747609999
2021-03-31,1.9868024706000014,1.9511877167899996,1.929564191249999
2021-04-01,1.9860538025600014,1.9497710791299998,1.9298793783899992
2021-04-02,1.9856297423600016,1.9484875180299996,1.9291445498399993
2021-04-06,1.9857141563300014,1.94915974252,1.929001919279999
2021-04-07,1.9836163209700013,1.9466055361999999,1.9278796441199992
2021-04-08,1.981275419050001,1.94427319204,1.9268055269599988
2021-04-09,1.9860873091900015,1.9540098627799998,1.9326538737399988
2021-04-12,1.9889511400200015,1.95714822312,1.9341043640999989
2021-04-13,1.9887560545700016,1.95674677065,1.933993486249999
2021-04-14,1.9885215895700017,1.9567765505699997,1.9342110993299988
2021-04-15,1.988505783590001,1.95673599621,1.9339173685799986
2021-04-16,1.9875808441300014,1.95614032141,1.9351373498999989
2021-04-19,1.9931718612100016,1.9660592429899997,1.9402356379099992
2021-04-20,1.9933765293200012,1.9661107185199997,1.939980265529999
2021-04-21,1.9934866951400012,1.9660513799399997,1.9398256706699988
2021-04-22,1.9942306698400014,1.9663949409399997,1.939348874609999
2021-04-23,1.9921228050600013,1.9618531137099995,1.9376405934799992
2021-04-26,1.9931699774200016,1.9645279337499997,1.938561109899999
2021-04-27,1.9925486740600014,1.9633434615699996,1.9380683353799988
2021-04-28,1.9934988675000014,1.9653269464299998,1.9390298962799988
2021-04-29,1.9933775290200018,1.9634495551099997,1.939792088519999
2021-04-30,1.9923200570900015,1.9629834204099998,1.938103084029999
2021-05-06,1.9910383452500013,1.96249901535,1.935913429189999
2021-05-07,1.9868844687500014,1.9629022660699997,1.9340384564899988
2021-05-10,1.9869989239400014,1.9629885184,1.9341773658199988
2021-05-11,1.9866312531200012,1.96351026685,1.9335499307599988
2021-05-12,1.9882327636400012,1.9634384337499995,1.933298847899999
2021-05-13,1.9834490374000013,1.9585428633099997,1.932650767869999
2021-05-14,1.9908627311000013,1.9716079382399998,1.9445722868799988
2021-05-17,1.9934272650800013,1.9757520927299999,1.945834351419999
2021-05-18,1.9935988267100015,1.9761556686,1.946135436729999
2021-05-19,1.993955499860001,1.9758641416799998,1.9455055891299986
2021-05-20,1.994187537260001,1.9757556406299999,1.9457882578799988
2021-05-21,1.9938789345300014,1.97592179546,1.9464609765299987
2021-05-24,1.9944409547100013,1.97614631336,1.9463207635099988
2021-05-25,2.001808264690001,1.98948616513,1.9566028931599988
2021-05-26,2.001627715420001,1.98909589002,1.9563471325699988
2021-05-27,2.002280923190001,1.9896311551799999,1.957623023239999
2021-05-28,2.002031478110001,1.9893971105599997,1.957225027539999
2021-05-31,2.001791412170001,1.98926165202,1.957390876159999
2021-06-01,2.001784413780001,1.98930802812,1.957389581849999
2021-06-02,2.0025627353600015,1.9907900771799998,1.9574777943899988
2021-06-03,2.0037171064600012,1.9903823389199995,1.957904855069999
2021-06-04,2.0031589391300018,1.9892243236299996,1.957713569279999
2021-06-07,2.0031573082400014,1.9895113755399996,1.957730231939999
2021-06-08,2.0040063028800015,1.9916919841999996,1.956931012539999
2021-06-09,2.0042303298000013,1.9923088795599995,1.9572287635499992
2021-06-10,2.005906840490001,1.9956781453999997,1.958420769189999
2021-06-11,2.006761802810001,1.9963376325999995,1.958821535309999
2021-06-15,2.0101092844700013,1.9983676559799994,1.960359941729999
2021-06-16,2.0089656282600012,2.0007051631799997,1.9590660347599989
2021-06-17,2.0091567312400014,2.0014627553399995,1.9590620946099988
2021-06-18,2.0085284180000014,2.0016450834399997,1.959215184029999
2021-06-21,2.007783445510001,2.0007811877099995,1.9589150390299988
2021-06-22,2.008866304450001,2.0025772827899995,1.960293689019999
2021-06-23,2.0082020990600014,2.0018428862599995,1.9611109743599986
2021-06-24,2.007513127720001,2.0015266484199996,1.9614399526599988
2021-06-25,2.0068516137100016,1.9964115961099997,1.9620272795199984
2021-06-28,2.0066231143200017,1.9968192447199997,1.9619676110899986
2021-06-29,2.0070096332700014,1.9972749709499993,1.962760732449999
2021-06-30,2.0076249139800013,1.9979895997899995,1.9629623756799985
2021-07-01,2.0088104506200013,2.0007734983399996,1.9644320843799987
2021-07-02,2.0040508392000014,1.9976852714999995,1.961972010639999
2021-07-05,2.003842019040001,1.9973970644099996,1.9616191281999988
2021-07-06,2.003736313590001,1.9969065851399994,1.9612670436499988
2021-07-07,2.005059000300001,1.9972781158499995,1.961832797829999
2021-07-08,2.005013506560001,1.9968247085099997,1.9602103898199987
2021-07-09,2.0053838988600012,1.9977781411699995,1.9603318499499989
2021-07-12,2.0085104188500007,2.0009661719599996,1.9637912536199988
2021-07-13,2.007604367370001,2.0014159478599995,1.9637394477799988
2021-07-14,2.008246798530001,2.0026234978499993,1.962288751829999
2021-07-15,2.0070470414900012,2.0004553693399996,1.9625287640199989
2021-07-16,2.004658419250001,1.9989287915399996,1.9615682295399985
2021-07-19,2.004378070420001,1.9991377385399998,1.9618631094799988
2021-07-20,2.0046967008600007,1.9994873695299997,1.9618600104099988
2021-07-21,2.004060059100001,1.9973903227699994,1.959962610689999
2021-07-22,2.003859596790001,1.9968423409799996,1.9600312708999992
2021-07-23,2.0059764948200005,1.9978371998200002,1.959638077439999
2021-07-26,2.0052131637000006,2.0031900823199997,1.964695754099999
2021-07-27,2.012014558360001,2.01277898186,1.9710178453799987
2021-07-28,2.012174177180001,2.01277473466,1.970663137139999
2021-07-29,2.011786036320001,2.0135591004199997,1.970100202499999
2021-07-30,2.014468539540001,2.01551681145,1.971176125659999
2021-08-02,2.021320488500001,2.0204098354499997,1.9782048557599987
2021-08-03,2.020469982460001,2.0194248679699998,1.977817422049999
2021-08-04,2.022613372940001,2.0217298275699997,1.979427911729999
2021-08-05,2.021748369690001,2.02151330898,1.9786150198399988
2021-08-06,2.021344677760001,2.0208456296399997,1.9784107777899986
2021-08-09,2.021164975640001,2.02071140125,1.978142466579999
2021-08-10,2.017381136120001,2.0137479145999997,1.9779772420799988
2021-08-11,2.015955420650001,2.01149715658,1.9778335166199987
2021-08-12,2.014971839990001,2.01047540292,1.9777461210199985
2021-08-13,2.015366215000001,2.0105843522999995,1.9776060537699987
2021-08-16,2.015255655570001,2.0104944201799997,1.977365559829999
2021-08-17,2.017649035690001,2.0130754391,1.9779557694699987
2021-08-18,2.015740272990001,2.0124401358499995,1.979830880949999
2021-08-19,2.014445636670001,2.01192865475,1.9798225466699988
2021-08-20,2.0188282639300006,2.0153268616399997,1.9814561544599991
2021-08-23,2.0196993834300008,2.0195663169199998,1.981668138029999
2021-08-24,2.018748977570001,2.0213438165,1.9821163496099992
2021-08-25,2.018415881250001,2.0209294507399997,1.982529664809999
2021-08-26,2.022256314980001,2.0254420779099997,1.9811507976499991
2021-08-27,2.023359518880001,2.02473848031,1.9819620988499993
2021-08-30,2.023800059630001,2.0249426615100004,1.9820848075899993
2021-08-31,2.023058533050001,2.0234935271300003,1.981748460729999
2021-09-01,2.025367122590001,2.02326458625,1.984363016769999
2021-09-02,2.0264841219700007,2.02538161483,1.983903818439999
2021-09-03,2.0259584775100006,2.02487549369,1.9836499828899992
2021-09-06,2.025841437830001,2.02625128363,1.985435580729999
2021-09-07,2.0291955658700007,2.02748054688,1.988983282719999
2021-09-08,2.027774618310001,2.02605989098,1.987734939979999
2021-09-09,2.0289599916600007,2.0258478918000002,1.9889972066299992
2021-09-10,2.0321287422600007,2.03099589553,1.992458508799999
2021-09-13,2.032297548300001,2.03121635473,1.9931732667199988
2021-09-14,2.037354678760001,2.0385611144299998,1.9956180347199992
2021-09-15,2.038040213150001,2.03970232333,1.996304131909999
2021-09-16,2.037871569040001,2.0398594173099998,1.9982106596399989
2021-09-17,2.038435260510001,2.04214029775,1.9978064730799991
2021-09-22,2.038898267640001,2.0434512650700003,1.9979284174699994
2021-09-23,2.039540009200001,2.04416650711,1.998105796489999
2021-09-24,2.039154061540001,2.04358839439,1.9980658018699988
2021-09-27,2.039861137180001,2.04321207291,1.998940349439999
2021-09-28,2.0397927781500007,2.04325200545,1.998776048479999
2021-09-29,2.041470775550001,2.0441085045699996,2.000236949339999
2021-09-30,2.042030876110001,2.0445773410299997,1.999578761679999
2021-10-08,2.046888080650001,2.04849866487,2.0007837378199986
2021-10-11,2.0471134114200016,2.0485880009799997,2.0007396983799985
2021-10-12,2.0459352130200013,2.04747371812,1.9997842208799987
2021-10-13,2.0485755514500013,2.05114635199,2.002893712989999
2021-10-14,2.0497560058500013,2.05303119979,2.0037635352099987
2021-10-15,2.051087395900001,2.05388061103,2.0036938381499985
2021-10-18,2.049379485480001,2.0526430512699996,2.004098227669999
2021-10-19,2.0504748058000013,2.0545299283399996,2.005478963059999
2021-10-20,2.0503929338000013,2.0544831619799995,2.0054477471599985
2021-10-21,2.0499961434300014,2.05445940202,2.005798168589999
2021-10-22,2.0512543368600014,2.0543436607,2.006128950729999
2021-10-25,2.0506748754200017,2.05395074139,2.005919415009999
2021-10-26,2.0495021334000016,2.0529047652,2.005154540889999
2021-10-27,2.0527167766400014,2.05886864878,2.007744291969999
2021-10-28,2.0522098419000017,2.05860293672,2.007300158079999
2021-10-29,2.0536970291800016,2.0596986436,2.008478251119999
2021-11-01,2.0536883638200014,2.0604633196399997,2.008755632119999
2021-11-02,2.055229944150001,2.0585749063699996,2.0077794861099987
2021-11-03,2.0542608687500015,2.05725933895,2.0082558196499987
2021-11-04,2.0564401297900012,2.05956091263,2.0087813346199987
2021-11-05,2.0567014204800014,2.05942029576,2.0086671893599988
2021-11-08,2.0564566403200017,2.05896018958,2.008345222039999
2021-11-09,2.056256848120001,2.0591921283799994,2.008253027639999
2021-11-10,2.0552134064200014,2.05822056229,2.007238441219999
2021-11-11,2.0523585958200017,2.05477737949,2.0093109738199986
2021-11-12,2.0519688688900017,2.05355774261,2.0091173508599987
2021-11-15,2.0523605781000014,2.0536223287899995,2.008881531779999
2021-11-16,2.0526349661000016,2.0537658679899997,2.008571632279999
2021-11-17,2.0528506479700015,2.05471692112,2.008164025679999
2021-11-18,2.050962192540002,2.0534759211799996,2.007928525679999
2021-11-19,2.053704588720002,2.0565480319999994,2.007314132579999
2021-11-22,2.0544034414800016,2.0576926465399996,2.007916563329999
2021-11-23,2.0545202635100015,2.0582302523399996,2.008344553369999
2021-11-24,2.0546530290800016,2.05779708605,2.008527360309999
2021-11-25,2.0545727583600017,2.0579243770599995,2.008065794949999
2021-11-26,2.0547150042000015,2.0583585728199996,2.008149133269999
2021-11-29,2.0545419462500014,2.0577387692699998,2.007835138719999
2021-11-30,2.0545454929700013,2.0568689132099998,2.0078958701599987
2021-12-01,2.0541672434100016,2.05557640441,2.007522540039999
2021-12-02,2.0534938635400013,2.0549036678499997,2.007323996909999
2021-12-03,2.0577220083800016,2.0602149266499996,2.010376471229999
2021-12-06,2.0566452479400015,2.05864612278,2.009526064449999
2021-12-07,2.0569354329400014,2.05872350138,2.0103890648299987
2021-12-08,2.0616935817600015,2.0635233187099997,2.012543030199999
2021-12-09,2.059062086820002,2.0615572541,2.014245569049999
2021-12-10,2.059294183580002,2.0617840833599996,2.0143081262099987
2021-12-13,2.0587599853900014,2.0618207193699996,2.0146151830799988
2021-12-14,2.0582527142700013,2.0613958876099994,2.014191668379999
2021-12-15,2.0586609000700014,2.0636945069799997,2.013817165979999
2021-12-16,2.0577349674700014,2.0630143280499995,2.0131238783699987
2021-12-17,2.0555283296100013,2.0582492538899992,2.013458154719999
2021-12-20,2.0530558525600013,2.0539687672899993,2.011800368019999
2021-12-21,2.0540177933000012,2.0559267761499997,2.012805954899999
2021-12-22,2.0538217527100016,2.0562524047699995,2.0128683582999987
2021-12-23,2.0531945623700016,2.0550373207899995,2.0125538785499986
2021-12-24,2.0539730201300017,2.055617677549999,2.012483120329999
2021-12-27,2.053903467200002,2.0556469509699995,2.0124899820499986
2021-12-28,2.0537714089900017,2.0549855517299993,2.012467908809999
2021-12-29,2.0523958692800015,2.0552547084999992,2.0140768488799985
2021-12-30,2.0549273811800015,2.0578636632999996,2.016030321289999
2021-12-31,2.054500835010001,2.0576718449599993,2.016207263419999
2022-01-04,2.0537650694600016,2.057622983319999,2.0161405425499983
2022-01-05,2.0528704991800013,2.053614611149999,2.014199538109999
2022-01-06,2.0538504990400015,2.055044013809999,2.0153340514999987
2022-01-07,2.0542129164400014,2.055912857309999,2.0157478571799987
2022-01-10,2.0536295696600013,2.0555640807899995,2.015098292219999
2022-01-11,2.0512273327700012,2.0531999752499996,2.0137748755199985
2022-01-12,2.052019142630001,2.0562779496299997,2.0143916755799984
2022-01-13,2.0459938509100013,2.0469301532499995,2.0083942886299986
2022-01-14,2.0467771905300016,2.0460205883699993,2.0079771837899987
2022-01-17,2.0456509791200017,2.0445747395499994,2.007388930579999
2022-01-18,2.0439217244100014,2.0409430399699997,2.0046679318999985
2022-01-19,2.0435126320400014,2.039846351229999,2.0041537991399987
2022-01-20,2.044637589910001,2.0420559642899994,2.005273272059999
2022-01-21,2.0435190095200015,2.0396642625999992,2.0046547104599988
2022-01-24,2.0427481884600014,2.0392548875599994,2.0041249290199987
2022-01-25,2.051742596570002,2.04373480594,2.0051875863299986
2022-01-26,2.0499670858800014,2.0416732051999995,2.0038896246799984
2022-01-27,2.0519086370100013,2.0427163747999995,2.006295082669998
2022-01-28,2.0563213168700014,2.0508166602199993,2.007860783199998
2022-02-07,2.0574735930800014,2.0548152769899994,2.0074860083499986
2022-02-08,2.0552801346300016,2.0534228786099997,2.007062451669998
2022-02-09,2.0588903979400013,2.0577684559099993,2.0115284007899983
2022-02-10,2.0586549724900016,2.0577393094399996,2.0113883120999985
2022-02-11,2.0546649494200016,2.0535019522399995,2.0079497054599984
2022-02-14,2.0523713883100014,2.0535509875199995,2.0050101489799985
2022-02-15,2.0513954546800015,2.0531184025099996,2.0044341952999987
2022-02-16,2.0521193942800013,2.0538447163099995,2.0042936854999986
2022-02-17,2.0516374120000016,2.0535474991099996,2.0041166213199983
2022-02-18,2.0527851006300013,2.0520788013099995,2.0060187300799983
2022-02-21,2.0522181695500015,2.0519338204999995,2.0056000299999988
2022-02-22,2.0517193514000014,2.0479138328899995,2.002857848359999
2022-02-23,2.0487696322500013,2.0463320886399994,2.0023897503999986
2022-02-24,2.0505476180200013,2.0485178410499993,2.0049818057299986
2022-02-25,2.050955492930002,2.0475133934199996,2.0055955879699985
2022-02-28,2.0506548741300015,2.0471811690999995,2.0051320678899986
2022-03-01,2.052606004530001,2.0496708749899994,2.007320932129999
2022-03-02,2.053351414930001,2.0504731223499992,2.0072087967299987
2022-03-03,2.0519817847100015,2.0487033383799993,2.006039680239999
2022-03-04,2.0501158294300015,2.0489294770199997,2.005770180949999
2022-03-07,2.0589701552700013,2.0566629309199995,2.0083473907199987
2022-03-08,2.0666697245000014,2.0702546937899995,2.0168114393199987
2022-03-09,2.0655086460000014,2.0707905008899994,2.0192686338199985
2022-03-10,2.0659032973500016,2.073768335959999,2.0176050232399985
2022-03-11,2.0665265421900014,2.0754788889999993,2.0153418889399988
2022-03-14,2.0683799246700016,2.0758082742299995,2.007227690929999
2022-03-15,2.0635453663700014,2.0775788062499996,2.0010246165499987
2022-03-16,2.0703000276300014,2.0850493015499993,2.0151610591699987
2022-03-17,2.0705866621300015,2.0857602953399996,2.0136159671699985
2022-03-18,2.0732124355400012,2.089106927589999,2.0168179639899986
2022-03-21,2.073377617390001,2.089416692779999,2.0153814965499985
2022-03-22,2.0732421733700015,2.0894053167799993,2.0155227760099987
2022-03-23,2.0712288854500014,2.087124045219999,2.0155803835699984
2022-03-24,2.0738023143200017,2.0897354136899993,2.0161864756199983
2022-03-25,2.073356349720002,2.0891144933199994,2.0145832892899986
2022-03-28,2.0731023605200014,2.088700601509999,2.0145535341199987
2022-03-29,2.0719768090400015,2.086966516659999,2.0142824801399986
2022-03-30,2.0707290023900016,2.082251993229999,2.0135508004199987
2022-03-31,2.0675505607700018,2.0785562889699993,2.0109738913199986
2022-04-01,2.0691379172300017,2.081301796929999,2.013530213609999
2022-04-06,2.066471776030002,2.077822727629999,2.0113486431099985
2022-04-07,2.069828746310002,2.076694042329999,2.0124424760699986
2022-04-08,2.070744307010002,2.078493156379999,2.0124990991499985
2022-04-11,2.0818028990900017,2.093466097619999,2.017327510459999
2022-04-12,2.0858817394600018,2.098276212579999,2.018559682509999
2022-04-13,2.0867601116500016,2.097548772499999,2.019550543719999
2022-04-14,2.0910024071700017,2.100853348719999,2.0194589270399987
2022-04-15,2.0897563469400016,2.0999268019199993,2.018358735689999
2022-04-18,2.090720214210002,2.100852406589999,2.018087561999999
2022-04-19,2.0889264004500014,2.100749410949999,2.0180985230699986
2022-04-20,2.0962826694200016,2.1073698970099994,2.0214567028999992
2022-04-21,2.0944503108000014,2.108523242449999,2.018137104779999
2022-04-22,2.0938532460300014,2.1072172582099995,2.017768787639999
2022-04-25,2.0796187906900014,2.0891662224699994,2.029979674049999
2022-04-26,2.082352813490002,2.091496687889999,2.031671366129999
2022-04-27,2.0856640752500013,2.0982746944199993,2.0265782717699987
2022-04-28,2.0850382921600015,2.0962630124099992,2.026722562029999
2022-04-29,2.084613206860001,2.0909435095999993,2.0300219224399987
2022-05-05,2.0839773244100015,2.090518237859999,2.029224181789999
2022-05-06,2.0783527456200015,2.0928350928299992,2.021376865579999
2022-05-09,2.0781890518300012,2.0915390283499993,2.020160932519999
2022-05-10,2.0746970407100016,2.0835317968299996,2.0169336296799987
2022-05-11,2.0763898811800017,2.086085238379999,2.0166641108899985
2022-05-12,2.0774856275200015,2.088332068999999,2.016985317769999
2022-05-13,2.0802011060200014,2.091491714779999,2.020160530069999
2022-05-16,2.0789060592300013,2.0922209892999994,2.018999389069999
2022-05-17,2.0761714065500017,2.089734435599999,2.020459927989999
2022-05-18,2.0763716462500015,2.0902332020999994,2.020178229589999
2022-05-19,2.0755273955400018,2.089820804859999,2.020477042259999
2022-05-20,2.0783577566400013,2.090926848809999,2.0191374282199988
2022-05-23,2.0766731627400015,2.090127761209999,2.0197480648199986
2022-05-24,2.0745644197100015,2.0872692536899993,2.0122628560599987
2022-05-25,2.0722782691900017,2.0855596665099987,2.012096113879999
2022-05-26,2.0727197753300013,2.084464482239999,2.0113710975099988
2022-05-27,2.0717152180400014,2.083720862639999,2.010244987339999
2022-05-30,2.0732210021100017,2.085455728869999,2.011292614219999
2022-05-31,2.0770567352300016,2.088487010469999,2.013984492769999
2022-06-01,2.0769595665100016,2.0886364603099987,2.013456355009999
2022-06-02,2.0759038099900016,2.0876310230199984,2.0129280804099987
2022-06-06,2.0763166053100015,2.090623502779999,2.013889855309999
2022-06-07,2.0752400864600014,2.089861480199999,2.013496760329999
2022-06-08,2.0775033043000013,2.0915822647799986,2.0161449243999985
2022-06-09,2.0758159223400017,2.091915922379999,2.013502706969999
2022-06-10,2.0813114138200017,2.0958427821299987,2.0168986293299986
2022-06-13,2.0788472285000017,2.094752976929999,2.0169686561299986
2022-06-14,2.0717456913400016,2.0928567294899985,2.015058048349999
2022-06-15,2.0703561195400013,2.0895906725199986,2.014386855759999
2022-06-16,2.0709565172500013,2.0911384923599985,2.0150745485699986
2022-06-17,2.0748321248200012,2.0974026529099983,2.0201718912999986
2022-06-20,2.0746929389600015,2.0968348997799984,2.020169221479999
2022-06-21,2.0748040916200012,2.0960475571799986,2.0201386674999986
2022-06-22,2.0760759451600017,2.1004379021599986,2.0216857215499986
2022-06-23,2.0750600561600017,2.0977275067499987,2.0197937306599987
2022-06-24,2.0754185757700014,2.0956898763799985,2.018550508519999
2022-06-27,2.073153688180002,2.0953671956599984,2.0173796969899986
2022-06-28,2.0752727974900016,2.0961206782699984,2.0204952901699986
2022-06-29,2.0739856994200014,2.0919908242099985,2.0171695639399987
2022-06-30,2.0746188060700015,2.088859423109999,2.0191133978799987
2022-07-01,2.0748413297400017,2.089146550879999,2.019272445659999
2022-07-04,2.0752416653100014,2.089826583219999,2.019117195799999
2022-07-05,2.0749696239500017,2.0888803867099988,2.0190490641499985
2022-07-06,2.0777547739300015,2.0921335651599984,2.020281118289999
2022-07-07,2.077845382920002,2.0914964827099984,2.020552910289999
2022-07-08,2.077163831320002,2.0896119387299987,2.019697428269999
2022-07-11,2.0719528046800018,2.0853143283699986,2.0156926913099986
2022-07-12,2.070610837310002,2.0812870747399983,2.0125287193399988
2022-07-13,2.0706566710700014,2.0809142341799984,2.0125204698599988
2022-07-14,2.0692779799100016,2.079397008479998,2.0123098735199987
2022-07-15,2.072254548890002,2.0824077039099986,2.015129667659999
2022-07-18,2.0766584173700013,2.090978366279998,2.0209719885899986
2022-07-19,2.0765135089400015,2.0903207023799983,2.020786920659998
2022-07-20,2.0751362812000016,2.0874089993599982,2.0205609640799986
2022-07-21,2.0771590472000017,2.0901561578699983,2.0186003201699987
2022-07-22,2.0775433753400017,2.0905725340499983,2.0188817547299984
2022-07-25,2.0774328918300013,2.0907111494999984,2.0186032381499985
2022-07-26,2.076883439810002,2.089583968069998,2.0187205262299988
2022-07-27,2.0757187107500013,2.089243807029998,2.0185038426399986
2022-07-28,2.0756283951300016,2.0890894631599983,2.0184043204799984
2022-07-29,2.0733548875100016,2.0862133780999983,2.0176581587799984
2022-08-01,2.0720596322900016,2.0835949111599983,2.017607329799999
2022-08-02,2.0715068428400016,2.083315821459998,2.0194911892499987
2022-08-03,2.072232414080002,2.0862319716099984,2.0190535090799986
2022-08-04,2.0719846884000015,2.0865050235499982,2.018975920219998
2022-08-05,2.074483930540002,2.090439734229998,2.0216611311599983
2022-08-08,2.0740325903900017,2.0893949954699984,2.0212351241499986
2022-08-09,2.0741293288000016,2.0895011944299977,2.0214621438599982
2022-08-10,2.0738665752100016,2.089942251999998,2.0198107770399982
2022-08-11,2.0724968730300013,2.0901962879399982,2.0261833052199982
2022-08-12,2.0724683505300012,2.090078822859998,2.0260234007099984
2022-08-15,2.0723721081300015,2.0900781768199983,2.025791587609999
2022-08-16,2.072123658810001,2.089452438569998,2.0251187283399985
2022-08-17,2.0716774489300014,2.088087033279998,2.0240588248599987
2022-08-18,2.0701394757700013,2.087019453739998,2.0238303702499985
2022-08-19,2.0678880651900013,2.083764069359998,2.0222511242399985
2022-08-22,2.0699576784900016,2.087075089559998,2.0237598579599982
2022-08-23,2.0688179206500013,2.0854033077299983,2.022725331659998
2022-08-24,2.069343170610001,2.089949525159998,2.0250883631499983
2022-08-25,2.0658294077000012,2.0869033429499986,2.022988402709998
2022-08-26,2.0656572373900013,2.086865330239998,2.0229561237799984
2022-08-29,2.0653024927500008,2.087112788119998,2.022551222019998
2022-08-30,2.065096657110001,2.086498125629998,2.022166795289998
2022-08-31,2.062181775350001,2.082498226559998,2.0216235023299984
2022-09-01,2.063120775550001,2.082729666039998,2.0214905691899983
2022-09-02,2.0627687809500013,2.0810922016699975,2.0212219702299983
2022-09-05,2.062624405050001,2.0811619561099977,2.0209443235299984
2022-09-06,2.062731352830001,2.084000935949998,2.0219591969899984
2022-09-07,2.063272846120001,2.084903992469998,2.022179015989998
2022-09-08,2.062723145510001,2.0840186659099977,2.0206358427699986
2022-09-09,2.0679523609300015,2.0922222246599977,2.0226460560899984
2022-09-13,2.068037452780001,2.092477910569998,2.0228713105899985
2022-09-14,2.070242294260001,2.093176303229998,2.022900520649998
2022-09-15,2.073443564360001,2.0979873955299984,2.0227757980499983
2022-09-16,2.0777734176900013,2.105882495649998,2.0273767508899985
2022-09-19,2.077531583370001,2.104808368979998,2.0272767205099984
2022-09-20,2.0769101791800013,2.104091163939998,2.0269716113799983
2022-09-21,2.077433659960001,2.1058104593799976,2.0280597374199982
2022-09-22,2.0780062762200013,2.106220546139998,2.0282425583199983
2022-09-23,2.077798967780001,2.105956937239998,2.027510723939998
2022-09-26,2.0767651277900008,2.1051523020199983,2.025440868329998
2022-09-27,2.077975384480001,2.106101882239998,2.025375036339998
2022-09-28,2.0764705088900013,2.1073228870499983,2.022755448329998
2022-09-29,2.076375093200001,2.107442080409998,2.022860672729998
2022-09-30,2.076184204340001,2.108002760909998,2.021580878349998
