,type,Ret,IR,Calmar,Turnover,PNL,Cost,Asset,threshold,Sample,fee
0,ALL,0.24743110372741473,3.020119374988461,3.2486196239966825,0.04675858010858357,5353098.490687187,0.0,15353098.490687175,0.05,all_sample,0.0
1,BATUSDT,0.0184370987948366,0.251177249089833,0.14158956569022524,0.04693251437179278,26592.077348539482,0.0,693258.7440152011,0.05,all_sample,0.0
2,BNBUSDT,0.39811086334100304,2.7943355316333975,3.3675087621656306,0.046754357941220126,574200.6911749472,0.0,1240867.3578416049,0.05,all_sample,0.0
3,BTCUSDT,0.25343710108702033,2.42350805317306,2.7537408487923027,0.04658203513815326,365535.7640640201,0.0,1032202.4307306856,0.05,all_sample,0.0
4,DASHUSDT,0.06912405758788642,1.039430275906475,0.8102861520044728,0.04682403406670594,99698.56464274017,0.0,766365.2313094082,0.05,all_sample,0.0
5,EOSUSDT,0.20952233508033255,1.497563056038627,1.6949629948419453,0.04662515452069684,302196.90216456755,0.0,968863.5688312375,0.05,all_sample,0.0
6,ETCUSDT,0.5395460784184635,3.712000873527512,7.767910402597815,0.04675326415352927,778194.6178224206,0.0,1444861.2844890957,0.05,all_sample,0.0
7,ETHUSDT,0.3704601324937367,2.7192281965870424,3.294987351171788,0.046616236911225475,534319.6675054331,0.0,1200986.3341720926,0.05,all_sample,0.0
8,LINKUSDT,0.1708490062189106,1.0168008417434427,0.8273270300606396,0.04690450222681214,246417.83606247045,0.0,913084.502729132,0.05,all_sample,0.0
9,LTCUSDT,0.20645039287237776,1.4320623810327782,0.8265916065546494,0.046766826526454926,297766.19830420136,0.0,964432.8649708754,0.05,all_sample,0.0
10,NEOUSDT,0.14029525916663396,1.769540179615483,2.7496005716719827,0.04679139205941455,202349.75279498813,0.0,869016.4194616474,0.05,all_sample,0.0
11,QTUMUSDT,0.19455565486184492,2.3762428376949156,5.231081730687745,0.046652770508064656,280610.2565404624,0.0,947276.9232071296,0.05,all_sample,0.0
12,TRXUSDT,0.2663484694036502,2.077254733009506,4.037524180920714,0.04677614082548163,384158.00548994937,0.0,1050824.6721566194,0.05,all_sample,0.0
13,XLMUSDT,0.16272032466972491,1.2729474578616269,0.8674630673125878,0.04684698120636131,234693.72854951007,0.0,901360.3952161815,0.05,all_sample,0.0
14,XRPUSDT,0.5459367177656957,2.9788963158864403,7.666408810238069,0.04672263519076394,787411.9235232583,0.0,1454078.5901899138,0.05,all_sample,0.0
15,ZECUSDT,0.16567306414910588,1.995628188112255,3.217278621553214,0.046829855982076854,238952.50469967874,0.0,905619.1713663512,0.05,all_sample,0.0
16,ALL,0.530535079924982,4.750562291633043,12.266896505621087,0.08588111632967622,11477968.989427263,0.0,21477968.989427235,0.1,all_sample,0.0
17,BATUSDT,0.15197852317059984,1.5229130451845718,2.1308189241561246,0.0858748265513873,219200.68273433603,0.0,885867.3494010051,0.1,all_sample,0.0
18,BNBUSDT,0.9025554767244053,4.781801742559972,13.571119083757816,0.08589913225796265,1301767.990478006,0.0,1968434.6571446673,0.1,all_sample,0.0
19,BTCUSDT,0.520150709826221,3.739632895127115,7.923227852564618,0.0856805430164314,750220.414963962,0.0,1416887.0816306346,0.1,all_sample,0.0
20,DASHUSDT,0.15958126924184873,1.9270445008679447,2.9936561776709563,0.08570713632095683,230166.2263829088,0.0,896832.8930495826,0.1,all_sample,0.0
21,EOSUSDT,0.4748794392684681,2.412153588905265,4.333994987543675,0.08584743916865759,684925.0481747307,0.0,1351591.7148414007,0.1,all_sample,0.0
22,ETCUSDT,0.8708224784613114,4.332570059062003,10.433187277530267,0.0857843929944362,1255999.0572145246,0.0,1922665.723881185,0.1,all_sample,0.0
23,ETHUSDT,0.7226028225466868,3.9256963090405934,9.383640698699049,0.08606141427991931,1042219.839642681,0.0,1708886.506309346,0.1,all_sample,0.0
24,LINKUSDT,0.6704845905530907,2.950609175961159,6.5591348198326,0.08638143139430228,967049.0076227002,0.0,1633715.6742893588,0.1,all_sample,0.0
25,LTCUSDT,0.5345594189581809,2.7776023038848776,2.9643221078655153,0.08580728253558242,771002.2913314722,0.0,1437668.9579981312,0.1,all_sample,0.0
26,NEOUSDT,0.2725916063103144,2.358465427277912,4.274910358180968,0.0859806700958908,393162.5664225947,0.0,1059829.2330892754,0.1,all_sample,0.0
27,QTUMUSDT,0.37946909041920907,3.334398476579402,8.995318847432372,0.0859341872744642,547313.4095605068,0.0,1213980.0762271574,0.1,all_sample,0.0
28,TRXUSDT,0.6027144553641989,3.490169932637094,11.114248096238148,0.08568977472553639,869303.2235968311,0.0,1535969.8902634927,0.1,all_sample,0.0
29,XLMUSDT,0.4216372094498723,2.4320166370166514,3.9299122340025354,0.08592446483612443,608133.0588656014,0.0,1274799.7255322663,0.1,all_sample,0.0
30,XRPUSDT,0.9441527724602893,3.7218480681896184,11.655893435229025,0.08588861184152605,1361764.3336124404,0.0,2028431.000279102,0.1,all_sample,0.0
31,ZECUSDT,0.3298463361200329,3.0243672986788415,6.127635901927365,0.08575543765196542,475741.8388239666,0.0,1142408.5054906288,0.1,all_sample,0.0
32,ALL,0.7072088137226453,5.690365273612314,21.90849556078882,0.11691054515397231,15300252.782730093,0.0,25300252.782730106,0.15,all_sample,0.0
33,BATUSDT,0.23549261260239412,2.180368837651498,3.195312559766066,0.11640841924427232,339654.1852390181,0.0,1006320.8519056753,0.15,all_sample,0.0
34,BNBUSDT,1.144693834397869,5.4273465212860375,16.7284085149894,0.11673567556382237,1651007.4238590833,0.0,2317674.0905257543,0.15,all_sample,0.0
35,BTCUSDT,0.7015496336368192,4.317487007997451,14.696082231627447,0.11663947696112568,1011854.5400825812,0.0,1678521.2067492385,0.15,all_sample,0.0
36,DASHUSDT,0.2408636389071731,2.7141174715082963,7.647939023201169,0.11684848030585727,347400.8892365778,0.0,1014067.5559032529,0.15,all_sample,0.0
37,EOSUSDT,0.6687979805020087,3.0646031102869227,7.206184394638989,0.1164857289912776,964616.38709848,0.0,1631283.0537651496,0.15,all_sample,0.0
38,ETCUSDT,1.0551390778044185,4.46846889659125,11.16710167526028,0.11757915230400462,1521841.385277723,0.0,2188508.051944394,0.15,all_sample,0.0
39,ETHUSDT,0.9381294608257433,4.543314939634727,14.52072555606774,0.11772293191397158,1353076.8296476053,0.0,2019743.4963142686,0.15,all_sample,0.0
40,LINKUSDT,1.0382434110906555,4.040205763836482,13.911700040881954,0.11724800421756155,1497472.536300607,0.0,2164139.2029672833,0.15,all_sample,0.0
41,LTCUSDT,0.74804384975878,3.4957169496290303,7.3352740135822865,0.11619540554523247,1078913.7778256088,0.0,1745580.4444922677,0.15,all_sample,0.0
42,NEOUSDT,0.38008365115389936,2.9565505559692005,6.251119305754424,0.11736494847503216,548199.7988332338,0.0,1214866.465499901,0.15,all_sample,0.0
43,QTUMUSDT,0.47110474366202026,3.6517665562246755,10.022740502937037,0.11679638608889344,679480.7535679366,0.0,1346147.420234597,0.15,all_sample,0.0
44,TRXUSDT,0.737714242188551,3.9855859807091076,13.125415798835894,0.11690824983254187,1064015.244897827,0.0,1730681.9115644912,0.15,all_sample,0.0
45,XLMUSDT,0.6320918531226581,3.257447728898659,8.53000664216857,0.11723553704463266,911674.6423425187,0.0,1578341.3090091792,0.15,all_sample,0.0
46,XRPUSDT,1.2045070485836642,4.144982268770338,11.298424143150712,0.1169050033200199,1737276.8329343535,0.0,2403943.4996010354,0.15,all_sample,0.0
47,ZECUSDT,0.41167716760302303,3.40903268620783,7.540989928279682,0.11658477750133898,593767.5555869384,0.0,1260434.2222536143,0.15,all_sample,0.0
48,ALL,0.8219197907286903,6.104024329867804,28.865812153378677,0.14015512409381303,17781990.72361888,0.0,27781990.72361888,0.2,all_sample,0.0
49,BATUSDT,0.29243003664853723,2.6368408334857576,4.07412543552932,0.1393277207344509,421775.8032392009,0.0,1088442.4699058658,0.2,all_sample,0.0
50,BNBUSDT,1.295329847323606,5.752488040976303,19.65937757885721,0.13997836500079805,1868271.7858810306,0.0,2534938.452547715,0.2,all_sample,0.0
51,BTCUSDT,0.7874751200078124,4.4862385414995325,16.160970438554934,0.13993567871050513,1135786.0330584631,0.0,1802452.6997251187,0.2,all_sample,0.0
52,DASHUSDT,0.29740716900779457,3.1862307899174334,9.720811785348957,0.13974135906842494,428954.3886632944,0.0,1095621.0553299636,0.2,all_sample,0.0
53,EOSUSDT,0.7892224910225512,3.3716368527187184,10.081719407039209,0.13929416716004372,1138306.2899436324,0.0,1804972.9566103038,0.2,all_sample,0.0
54,ETCUSDT,1.21432856434721,4.730107406422746,13.682051073692156,0.1417501053637169,1751442.53816653,0.0,2418109.2048332053,0.2,all_sample,0.0
55,ETHUSDT,1.0955844132008676,4.975718049200973,19.483342177435514,0.14115804335884377,1580176.240409655,0.0,2246842.9070763197,0.2,all_sample,0.0
56,LINKUSDT,1.2742818617144815,4.671438626799725,19.03695640062465,0.1405021052463216,1837913.991112103,0.0,2504580.6577787558,0.2,all_sample,0.0
57,LTCUSDT,0.9127663456133696,3.93760276377097,13.521602696909088,0.1391144036278628,1316495.2649973114,0.0,1983161.931663971,0.2,all_sample,0.0
58,NEOUSDT,0.46466215590234167,3.369656325895844,7.768204843941972,0.14120227760821916,670188.5219681282,0.0,1336855.188634793,0.2,all_sample,0.0
59,QTUMUSDT,0.5365349221219956,3.8962951214556503,9.632435442248042,0.14010836537990226,773851.5863056387,0.0,1440518.252972303,0.2,all_sample,0.0
60,TRXUSDT,0.8156016571848395,4.188562046788349,14.452754611544599,0.13968379924588023,1176353.318642853,0.0,1843019.9853095189,0.2,all_sample,0.0
61,XLMUSDT,0.7621558403589164,3.328465489062931,11.875050915499962,0.1405547358517438,1099267.6930351611,0.0,1765934.3597018402,0.2,all_sample,0.0
62,XRPUSDT,1.3310444990533106,4.260535697795389,10.480373765206437,0.14020638913822864,1919783.5118765947,0.0,2586450.1785432524,0.2,all_sample,0.0
63,ZECUSDT,0.45997193742272013,3.5938448762125224,10.1032506942353,0.13976934591225357,663423.756319286,0.0,1330090.4229859505,0.2,all_sample,0.0
64,ALL,0.8784689375418759,6.199460195222816,34.911572828428824,0.157001401418861,19005414.7309289,0.0,29005414.730928805,0.25,all_sample,0.0
65,BATUSDT,0.3241485788057314,2.8276193584536085,4.623976217148585,0.1558317249069532,467523.88626532495,0.0,1134190.5529319802,0.25,all_sample,0.0
66,BNBUSDT,1.3810697463046278,5.9100881659493325,21.234709010421337,0.1564305577733266,1991935.6036503608,0.0,2658602.270316994,0.25,all_sample,0.0
67,BTCUSDT,0.8164853397862617,4.4526527668054605,17.55071086996318,0.1569085245420823,1177627.866029638,0.0,1844294.5326962883,0.25,all_sample,0.0
68,DASHUSDT,0.3168441210349819,3.2637964112610613,9.48793420981143,0.15678174821259347,456988.5678732842,0.0,1123655.2345399526,0.25,all_sample,0.0
69,EOSUSDT,0.8440594054110736,3.454705790605814,11.677382529881742,0.15577419927387084,1217398.3144102413,0.0,1884064.981076915,0.25,all_sample,0.0
70,ETCUSDT,1.2834188288361885,4.826778264089346,15.34884160022523,0.1589935451397632,1851092.3625649416,0.0,2517759.0292316168,0.25,all_sample,0.0
71,ETHUSDT,1.175558602346922,5.083203202501081,21.935109388011494,0.15824631325061136,1695524.0967792147,0.0,2362190.7634458803,0.25,all_sample,0.0
72,LINKUSDT,1.4307855193530714,5.045960168681567,22.48560050557776,0.15734476886757212,2063641.3365890016,0.0,2730308.0032556625,0.25,all_sample,0.0
73,LTCUSDT,0.9985753533789469,4.109035884347579,16.667711172697373,0.15583723540792319,1440258.7593027456,0.0,2106925.425969391,0.25,all_sample,0.0
74,NEOUSDT,0.5091324558386022,3.490393199826941,8.264592555105644,0.158209736499295,734328.6379797001,0.0,1400995.3046463614,0.25,all_sample,0.0
75,QTUMUSDT,0.5739803218896533,3.9947597764418763,10.42704411057859,0.15698090673339607,827859.593641763,0.0,1494526.2603084254,0.25,all_sample,0.0
76,TRXUSDT,0.8446376669373472,4.15743970500592,13.009698859001762,0.15613018709833215,1218232.3488429731,0.0,1884899.015509635,0.25,all_sample,0.0
77,XLMUSDT,0.7987331232614232,3.3157141331184214,12.491903953734498,0.1577204290712795,1152023.6036568133,0.0,1818690.270323477,0.25,all_sample,0.0
78,XRPUSDT,1.3871673426682607,4.275528241852702,10.062184077819468,0.15663869483837062,2000730.249486221,0.0,2667396.916152883,0.25,all_sample,0.0
79,ZECUSDT,0.49243765727504596,3.6840578038582885,11.646062487884436,0.15719244966754498,710249.5038566781,0.0,1376916.1705233387,0.25,all_sample,0.0
80,ALL,0.9028576348178184,6.14355950595573,35.34124112334232,0.16873006650386094,19533056.95783946,0.0,29533056.957839377,0.3,all_sample,0.0
81,BATUSDT,0.3396162962211329,2.8885155632788266,4.913704602669961,0.1670711046311213,489833.1846258029,0.0,1156499.8512924588,0.3,all_sample,0.0
82,BNBUSDT,1.418713677347529,5.927944939757949,22.01203958493872,0.16800025269754532,2046229.9553341337,0.0,2712896.6220007893,0.3,all_sample,0.0
83,BTCUSDT,0.8361270058301589,4.428294081337489,19.022880994822128,0.16869086216687187,1205957.3070390655,0.0,1872623.9737057206,0.3,all_sample,0.0
84,DASHUSDT,0.32285746318145747,3.2251174951396333,10.11518870494384,0.16848292782127153,465661.6927104096,0.0,1132328.3593770913,0.3,all_sample,0.0
85,EOSUSDT,0.8883634013342019,3.5211055564962024,12.569693482870413,0.16692147210123148,1281298.567890848,0.0,1947965.2345575185,0.3,all_sample,0.0
86,ETCUSDT,1.3148187348569442,4.815670786848138,15.696770092048446,0.17093392548419314,1896380.8723750883,0.0,2563047.539041766,0.3,all_sample,0.0
87,ETHUSDT,1.2275027795159343,5.109371359364528,23.786886874357158,0.17026853022259797,1770443.8871678861,0.0,2437110.5538345496,0.3,all_sample,0.0
88,LINKUSDT,1.5106193706775057,5.1997031217761345,24.706723078159968,0.16920797893172185,2178786.7818173836,0.0,2845453.4484840254,0.3,all_sample,0.0
89,LTCUSDT,1.0333371349348124,4.080192020469806,17.892740920706704,0.1677378944929842,1490396.1477385624,0.0,2157062.8144052178,0.3,all_sample,0.0
90,NEOUSDT,0.5170077916600487,3.4269272789103233,8.132844124309134,0.17002982729830124,745687.3415175956,0.0,1412354.0081842649,0.3,all_sample,0.0
91,QTUMUSDT,0.5938346322989704,4.0222481356620445,11.663445741203057,0.1690232940290845,856495.7345000117,0.0,1523162.4011666733,0.3,all_sample,0.0
92,TRXUSDT,0.8491665120854044,4.0657559392342915,11.063041982211676,0.1672892196070689,1224764.3635496749,0.0,1891431.0302163304,0.3,all_sample,0.0
93,XLMUSDT,0.8031031668654554,3.1481935939166363,12.15584750370267,0.16976206037725802,1158326.576745373,0.0,1824993.2434120325,0.3,all_sample,0.0
94,XRPUSDT,1.3932281448648536,4.209228686092907,9.760948599378402,0.16809799632654288,2009471.8265965737,0.0,2676138.4932632195,0.3,all_sample,0.0
95,ZECUSDT,0.49456841059286905,3.582121818869698,11.10530031648942,0.16943365137011934,713322.7182310513,0.0,1379989.3848977208,0.3,all_sample,0.0
96,ALL,0.9104789606931019,6.011517649626269,35.280430116306924,0.17663341402534377,19697942.081113823,0.0,29697942.081113774,0.35,all_sample,0.0
97,BATUSDT,0.3492375029173795,2.915493923360049,5.145441800968602,0.174630730865689,503709.9813767341,0.0,1170376.6480433922,0.35,all_sample,0.0
98,BNBUSDT,1.4404347146660055,5.900273245410175,22.70040842956262,0.1761369519813159,2077558.5017009317,0.0,2744225.16836759,0.35,all_sample,0.0
99,BTCUSDT,0.8310046677135997,4.307644401942102,18.811508766775844,0.17668929202980826,1198569.2893841825,0.0,1865235.9560508477,0.35,all_sample,0.0
100,DASHUSDT,0.3252247468411615,3.186326061250508,9.73135936600663,0.17613363880991484,469076.05800103035,0.0,1135742.7246677086,0.35,all_sample,0.0
101,EOSUSDT,0.908857885636188,3.501841537686757,13.27060642709106,0.1744936377292617,1310858.040226553,0.0,1977524.7068932294,0.35,all_sample,0.0
102,ETCUSDT,1.3173220139749642,4.718898633272237,15.43704412721202,0.17907535003441183,1899991.3857574807,0.0,2566658.052424164,0.35,all_sample,0.0
103,ETHUSDT,1.2445273219341584,5.0748128503368894,24.112323910357205,0.1784962172191625,1794998.6153193503,0.0,2461665.28198601,0.35,all_sample,0.0
104,LINKUSDT,1.5410176039857384,5.2114092483793275,25.66895174516309,0.17741642689238224,2222630.565505173,0.0,2889297.2321718195,0.35,all_sample,0.0
105,LTCUSDT,1.061236600043721,4.0662857519983,16.597480293075964,0.1757948905158348,1530635.9242030967,0.0,2197302.5908697564,0.35,all_sample,0.0
106,NEOUSDT,0.5037304864204057,3.2259171712406856,7.6774519644692,0.17806536272179352,726537.3043104592,0.0,1393203.970977133,0.35,all_sample,0.0
107,QTUMUSDT,0.5956838025266818,3.9362457486242857,12.244977936272653,0.1768479585145095,859162.817769085,0.0,1525829.484435744,0.35,all_sample,0.0
108,TRXUSDT,0.8525277374448352,3.999041568110409,11.009310915936583,0.17467033123022005,1229612.3044181664,0.0,1896278.9710848182,0.35,all_sample,0.0
109,XLMUSDT,0.8085638216796605,3.0389486847609555,10.103727381093917,0.17773605725568356,1166202.5531562443,0.0,1832869.2198229013,0.35,all_sample,0.0
110,XRPUSDT,1.3832586526669024,4.118221220840234,9.491179240657821,0.17587588769777152,1995092.6929484985,0.0,2661759.3596151546,0.35,all_sample,0.0
111,ZECUSDT,0.4945568519451312,3.510193689907658,10.519439442631496,0.17743847688239708,713306.0470368349,0.0,1379972.7137035104,0.35,all_sample,0.0
112,ALL,0.9131986781112171,5.8949801482351925,28.530826135537254,0.1817699375482368,19756782.360232685,0.0,29756782.360232636,0.4,all_sample,0.0
113,BATUSDT,0.3513593311700003,2.894754871912635,5.250363190933139,0.17972735657198735,506770.3230086675,0.0,1173436.9896753307,0.4,all_sample,0.0
114,BNBUSDT,1.453459083313187,5.866744230132134,22.99134072429131,0.18155352322092866,2096343.7250343738,0.0,2763010.3917010287,0.4,all_sample,0.0
115,BTCUSDT,0.8397999646641785,4.306705679770759,18.705366850103548,0.18180114964940186,1211254.8653208192,0.0,1877921.5319874818,0.4,all_sample,0.0
116,DASHUSDT,0.32421256085986006,3.1117946192304204,8.942708736222574,0.1811822679754605,467616.16844870354,0.0,1134282.835115378,0.4,all_sample,0.0
117,EOSUSDT,0.9180011634919569,3.4496401245851502,13.644316023706969,0.17937176948433356,1324045.513736636,0.0,1990712.1804033155,0.4,all_sample,0.0
118,ETCUSDT,1.307629160102008,4.591213006405619,14.994470761355293,0.18447910978249804,1886011.2513130193,0.0,2552677.9179797,0.4,all_sample,0.0
119,ETHUSDT,1.2523485941089947,5.019635449794276,24.71975812808597,0.18411640369124974,1806279.3421273723,0.0,2472946.0087940386,0.4,all_sample,0.0
120,LINKUSDT,1.561001287867514,5.220495100438635,26.017520475440673,0.18272388415985763,2251453.3034752985,0.0,2918119.9701419426,0.4,all_sample,0.0
121,LTCUSDT,1.091800092419278,4.143609840197252,17.31777591108975,0.18076466853582238,1574718.0632823666,0.0,2241384.729949022,0.4,all_sample,0.0
122,NEOUSDT,0.486592549496925,2.9929408252384317,7.191811740549331,0.18347974718341636,701819.025727979,0.0,1368485.6923946515,0.4,all_sample,0.0
123,QTUMUSDT,0.5941822811959283,3.837006757329819,12.19763274827903,0.18189153598163516,856997.1532134942,0.0,1523663.8198801544,0.4,all_sample,0.0
124,TRXUSDT,0.8501087555685625,3.9024457645926627,11.27488944340836,0.1794069931634195,1226123.374089465,0.0,1892790.0407561185,0.4,all_sample,0.0
125,XLMUSDT,0.8131666741485116,3.033065790863063,10.22406035859991,0.1829241695886062,1172841.3096242568,0.0,1839507.9762909126,0.4,all_sample,0.0
126,XRPUSDT,1.362251848514008,4.013770332897057,9.141832556700026,0.18071885736663187,1964794.294751721,0.0,2631460.9614183772,0.4,all_sample,0.0
127,ZECUSDT,0.4920668247473484,3.4564169319515172,10.18509545598246,0.1824076268683035,709714.6470785118,0.0,1376381.3137451862,0.4,all_sample,0.0
128,ALL,0.9122999040277177,5.799201365991402,24.739640726530375,0.1849876535464042,19737337.649695627,0.0,29737337.649695553,0.45,all_sample,0.0
129,BATUSDT,0.35410254479607406,2.8839215849098703,5.299855557023283,0.18280496576799585,510726.897182287,0.0,1177393.5638489495,0.45,all_sample,0.0
130,BNBUSDT,1.460755376944724,5.847382070231815,23.168246867454872,0.18484703183313902,2106867.2681778125,0.0,2773533.9348444752,0.45,all_sample,0.0
131,BTCUSDT,0.842094333027866,4.289055031139011,18.733368774603726,0.18502129312959492,1214564.0638922574,0.0,1881230.7305589127,0.45,all_sample,0.0
132,DASHUSDT,0.324852558488697,3.08528872521061,8.348830113340757,0.18450966202773156,468539.2456984512,0.0,1135205.9123651283,0.45,all_sample,0.0
133,EOSUSDT,0.9158286201498609,3.3848305630738267,13.42432281611294,0.18231010280764456,1320912.0250441397,0.0,1987578.6917108193,0.45,all_sample,0.0
134,ETCUSDT,1.298025980839551,4.515579256036554,14.778972876111787,0.18777910483467458,1872160.4557740523,0.0,2538827.1224407284,0.45,all_sample,0.0
135,ETHUSDT,1.2516062399085994,4.9420217544123535,24.953228680470016,0.1876170963040717,1805208.6346079044,0.0,2471875.301274564,0.45,all_sample,0.0
136,LINKUSDT,1.5755385462928353,5.226075329778055,26.494752111905125,0.18609485222781869,2272420.588229991,0.0,2939087.254896637,0.45,all_sample,0.0
137,LTCUSDT,1.105511183789062,4.1683576386408685,17.68132145876002,0.1839128792700483,1594493.7561012616,0.0,2261160.4227679074,0.45,all_sample,0.0
138,NEOUSDT,0.4707383245235316,2.787015877257537,6.792230452093871,0.1870216229155431,678952.262280812,0.0,1345618.9289474862,0.45,all_sample,0.0
139,QTUMUSDT,0.5953359244999543,3.7873977958423963,12.14876951797841,0.1850181176245928,858661.0685786345,0.0,1525327.7352452918,0.45,all_sample,0.0
140,TRXUSDT,0.842194720452593,3.779691262883315,11.422961001156324,0.18225106542761027,1214708.854034835,0.0,1881375.5207014873,0.45,all_sample,0.0
141,XLMUSDT,0.8197994085966873,3.0399273250114276,10.334270412643042,0.18627187962995345,1182407.7923686884,0.0,1849074.4590353437,0.45,all_sample,0.0
142,XRPUSDT,1.3408478804459927,3.9217325803272542,8.86343869785944,0.18371529610671813,1933923.061660016,0.0,2600589.728326671,0.45,all_sample,0.0
143,ZECUSDT,0.4872669176597366,3.4028859134369864,9.42275075002003,0.18563983328892628,702791.6760644801,0.0,1369458.3427311515,0.45,all_sample,0.0
144,ALL,0.9118476545377484,5.753117445865057,23.282274151351313,0.1868965272158587,19727553.366209447,0.0,29727553.366209373,0.5,all_sample,0.0
145,BATUSDT,0.3570351731372578,2.876366672797635,5.361097179781508,0.18456657477494195,514956.66676540195,0.0,1181623.333432063,0.5,all_sample,0.0
146,BNBUSDT,1.4619357788106822,5.819129109279531,23.259490634506175,0.18683417731493862,2108569.7777793156,0.0,2775236.44444597,0.5,all_sample,0.0
147,BTCUSDT,0.8406575607222431,4.257277092205426,18.941007453290307,0.18706106127598926,1212491.7877327295,0.0,1879158.4543993874,0.5,all_sample,0.0
148,DASHUSDT,0.32456111185397857,3.0694049800623677,8.330220224830647,0.1865218161571051,468118.8882691388,0.0,1134785.5549358143,0.5,all_sample,0.0
149,EOSUSDT,0.9142204315277958,3.3628940750211833,13.08263791835922,0.18410230319169582,1318592.5128093301,0.0,1985259.179476011,0.5,all_sample,0.0
150,ETCUSDT,1.2934517335449005,4.4738072310190935,14.703964341673004,0.18966846135669715,1865562.956936289,0.0,2532229.6236029644,0.5,all_sample,0.0
151,ETHUSDT,1.2522897349081465,4.886864521544119,25.283499367112324,0.189613713121675,1806194.4487046604,0.0,2472861.115371323,0.5,all_sample,0.0
152,LINKUSDT,1.5894209333152667,5.238805237372416,26.826170337018187,0.18814191658034457,2292443.343089131,0.0,2959110.0097557786,0.5,all_sample,0.0
153,LTCUSDT,1.1086245460710664,4.164574947038761,17.83726216888897,0.1858540578226217,1598984.2006955151,0.0,2265650.867362165,0.5,all_sample,0.0
154,NEOUSDT,0.459324506740319,2.657355408616147,5.686362268129266,0.18910934277819982,662489.9582756835,0.0,1329156.6249423535,0.5,all_sample,0.0
155,QTUMUSDT,0.593728980991487,3.760418571688387,11.945461806350494,0.18672683010890484,856343.3521880358,0.0,1523010.0188546926,0.5,all_sample,0.0
156,TRXUSDT,0.8364889797675172,3.7191434944573754,11.367389798750205,0.1838411234606244,1206479.386952366,0.0,1873146.0536190248,0.5,all_sample,0.0
157,XLMUSDT,0.8261358712482344,3.051350975382079,10.426152668693407,0.18830893418952457,1191546.9582874242,0.0,1858213.6249540742,0.5,all_sample,0.0
158,XRPUSDT,1.3373545194987928,3.8949765584509977,8.75637232778386,0.18554946673184033,1928884.5398433267,0.0,2595551.206509979,0.5,all_sample,0.0
159,ZECUSDT,0.4824849559285447,3.3577135585202136,8.817680077892307,0.18754812937277718,695894.587881103,0.0,1362561.254547776,0.5,all_sample,0.0
160,ALL,0.913104519782238,5.735439813058385,22.66084745174653,0.18853832258507175,19754745.272731762,0.0,29754745.272731707,0.6,all_sample,0.0
161,BATUSDT,0.35963446070043775,2.8758201857455186,5.4133809312532835,0.18609731916915834,518705.6544288265,0.0,1185372.3210954866,0.6,all_sample,0.0
162,BNBUSDT,1.4629439934993678,5.79947317905529,23.27290446093584,0.18849147476941466,2110023.939482507,0.0,2776690.6061491645,0.6,all_sample,0.0
163,BTCUSDT,0.8398037276844557,4.2363875525062955,18.819937503010472,0.18875931497964837,1211260.2927759478,0.0,1877926.959442603,0.6,all_sample,0.0
164,DASHUSDT,0.325158009768427,3.067633803331391,8.332057853677671,0.18828368365394896,468979.80221697886,0.0,1135646.468883655,0.6,all_sample,0.0
165,EOSUSDT,0.9212066998502939,3.3781267296856266,13.064867151828308,0.1857712290700049,1328668.9022498145,0.0,1995335.5689164968,0.6,all_sample,0.0
166,ETCUSDT,1.2875975484714297,4.421588797142117,14.137941947725183,0.19136756851152736,1857119.3865015537,0.0,2523786.0531682293,0.6,all_sample,0.0
167,ETHUSDT,1.255692599044256,4.877604634993276,26.370290503956287,0.1913212179923582,1811102.445744812,0.0,2477769.1124114715,0.6,all_sample,0.0
168,LINKUSDT,1.5985304927575894,5.233041891483136,27.068183650988768,0.18978029216940698,2305582.184074736,0.0,2972248.8507413873,0.6,all_sample,0.0
169,LTCUSDT,1.115336569117241,4.172548113405267,18.09393798552916,0.18759883539891123,1608665.0424589133,0.0,2275331.7091255668,0.6,all_sample,0.0
170,NEOUSDT,0.4518264500101391,2.6018999010964317,5.278133949827022,0.19094120675081655,651675.409481893,0.0,1318342.0761485659,0.6,all_sample,0.0
171,QTUMUSDT,0.5936401747245806,3.737035538828787,11.555770364581521,0.18833731905189205,856215.2657062674,0.0,1522881.9323729263,0.6,all_sample,0.0
172,TRXUSDT,0.8360220464370265,3.7025766124022206,11.309143749808708,0.18499529001728418,1205805.922684523,0.0,1872472.5893511816,0.6,all_sample,0.0
173,XLMUSDT,0.8324815255902447,3.064156291244928,10.502801797620371,0.19000517441823309,1200699.3815058214,0.0,1867366.0481724746,0.6,all_sample,0.0
174,XRPUSDT,1.3380141906081509,3.8834892065949878,8.616297887384231,0.1870846010141026,1929835.9924205302,0.0,2596502.6590871895,0.6,all_sample,0.0
175,ZECUSDT,0.4786793084699319,3.3208644049791376,8.42940203724597,0.1892403118093687,690405.6509986387,0.0,1357072.317665308,0.6,all_sample,0.0
176,ALL,0.9148544355077788,5.742659393623798,22.724997707435378,0.18891713271005622,19792604.18007246,0.0,29792604.1800724,0.7,all_sample,0.0
177,BATUSDT,0.3601418274766701,2.87930448421612,5.425722604164962,0.1864772032975965,519437.4364031906,0.0,1186104.1030698516,0.7,all_sample,0.0
178,BNBUSDT,1.4620600722690973,5.79151684894945,23.25625537227492,0.18880539279892156,2108749.047918116,0.0,2775415.714584774,0.7,all_sample,0.0
179,BTCUSDT,0.8426577121643929,4.246971910813909,18.854881063607056,0.18920705400559235,1215376.633252644,0.0,1882043.2999192977,0.7,all_sample,0.0
180,DASHUSDT,0.326315067008792,3.0771515319638847,8.362645664435362,0.18863752965037056,470648.6415487455,0.0,1137315.3082154205,0.7,all_sample,0.0
181,EOSUSDT,0.923757985348767,3.3856080747069424,13.121362170500364,0.1861215646342247,1332348.6558850547,0.0,1999015.3225517375,0.7,all_sample,0.0
182,ETCUSDT,1.2882817445416703,4.419038417661848,14.07581435649807,0.19182264155695442,1858106.2117620702,0.0,2524772.878428747,0.7,all_sample,0.0
183,ETHUSDT,1.255524550031196,4.872608748265773,26.56451237007944,0.1917483368159536,1810860.0663768114,0.0,2477526.7330434723,0.7,all_sample,0.0
184,LINKUSDT,1.6063991595573026,5.254272465864877,27.30781809202808,0.19017413066598055,2316931.268792254,0.0,2983597.9354589037,0.7,all_sample,0.0
185,LTCUSDT,1.1223262161809613,4.1953768636369135,18.25977668432643,0.18805723875141428,1618746.305103636,0.0,2285412.9717702875,0.7,all_sample,0.0
186,NEOUSDT,0.4499861326296482,2.5870942625347344,5.245486969791005,0.19139683824008433,649021.0947942942,0.0,1315687.761460966,0.7,all_sample,0.0
187,QTUMUSDT,0.5954933831467806,3.745197138114904,11.601399939226527,0.18867596841160703,858888.1733179524,0.0,1525554.8399846107,0.7,all_sample,0.0
188,TRXUSDT,0.8388343955271303,3.7111926832095397,11.341325899942383,0.18524412506761379,1209862.2118744513,0.0,1876528.8785411092,0.7,all_sample,0.0
189,XLMUSDT,0.8337273911993737,3.0681088921681257,10.5234959871615,0.190335083473889,1202496.3103508912,0.0,1869162.977017544,0.7,all_sample,0.0
190,XRPUSDT,1.3389778717988174,3.884835644548154,8.633534077795813,0.18737685427600426,1931225.9228562631,0.0,2597892.5895229215,0.7,all_sample,0.0
191,ZECUSDT,0.47833302373608216,3.316645500632425,8.439975797680466,0.18967702900463668,689906.1998360876,0.0,1356572.8665027572,0.7,all_sample,0.0
192,ALL,0.27086381373827084,2.9609036185294193,3.556276828115019,0.04676303747679574,4043477.274264127,0.0,14043477.274264118,0.05,in_sample,0.0
193,BATUSDT,0.02203458053764979,0.2576206020864156,0.1692167907331417,0.0469837705547755,21928.9352884997,0.0,688595.6019551633,0.05,in_sample,0.0
194,BNBUSDT,0.43749895892902035,2.7336084719775027,3.70068167763077,0.04683187017910783,435401.3611807356,0.0,1102068.0278473971,0.05,in_sample,0.0
195,BTCUSDT,0.23922619065104378,2.1678228404092645,2.5993310784854655,0.046595398043037896,238079.21576436382,0.0,904745.8824310274,0.05,in_sample,0.0
196,DASHUSDT,0.07321288898899239,0.9468313555482388,0.8582162587981143,0.04686338760761457,72861.86828836145,0.0,739528.5349550268,0.05,in_sample,0.0
197,EOSUSDT,0.2047061603955357,1.3166212739638588,1.6560018126639433,0.046661811628040034,203724.69250322666,0.0,870391.359169895,0.05,in_sample,0.0
198,ETCUSDT,0.48781118204473506,3.2144321994360494,7.023076817861575,0.046709243801171,485472.3613089062,0.0,1152139.0279755706,0.05,in_sample,0.0
199,ETHUSDT,0.3082195971932024,2.1226391712947987,2.7414007205000277,0.046634553178255565,306741.8320011828,0.0,973408.4986678469,0.05,in_sample,0.0
200,LINKUSDT,0.10921142280512137,0.586468985466388,0.5288503812675791,0.04693285563791043,108687.80639441514,0.0,775354.4730610785,0.05,in_sample,0.0
201,LTCUSDT,0.22710223461936943,1.3818075188729315,0.9092780030804765,0.04673202398891034,226013.38828899805,0.0,892680.0549556692,0.05,in_sample,0.0
202,NEOUSDT,0.19082949218490344,2.06359417612187,3.740004358809252,0.04672206804487893,189914.55626347262,0.0,856581.2229301356,0.05,in_sample,0.0
203,QTUMUSDT,0.281808841730793,2.9521725534396546,7.577086795914713,0.0466620304815732,280457.70344852284,0.0,947124.3701151888,0.05,in_sample,0.0
204,TRXUSDT,0.3718451400706953,2.611270960786957,5.636727509471872,0.046781779799152406,370062.32090596616,0.0,1036728.9875726394,0.05,in_sample,0.0
205,XLMUSDT,0.2091862028942444,1.3831722931836807,1.1151729543953923,0.04680181277372466,208183.25534611777,0.0,874849.9220127879,0.05,in_sample,0.0
206,XRPUSDT,0.7568672057495702,3.6958333260987617,10.62843590752777,0.046699772831052665,753238.3903795432,0.0,1419905.0570462046,0.05,in_sample,0.0
207,ZECUSDT,0.14339710727918728,1.5886150536451318,2.784691947428992,0.04683318360273109,142709.5869018153,0.0,809376.2535684879,0.05,in_sample,0.0
208,ALL,0.5969102156046475,4.782859608770436,13.801605426366056,0.0858353012675584,8910724.759659821,0.0,18910724.75965979,0.1,in_sample,0.0
209,BATUSDT,0.19396969474183462,1.6578856701761713,2.719557261421286,0.085818019272093,193039.70305471617,0.0,859706.3697213829,0.1,in_sample,0.0
210,BNBUSDT,0.978449861898238,4.661317806612146,14.712291859885314,0.0858317682128844,973758.6639302303,0.0,1640425.3305968994,0.1,in_sample,0.0
211,BTCUSDT,0.4853298771793698,3.3438451410489085,7.392817366016985,0.08569951278196378,483002.95311069675,0.0,1149669.6197773681,0.1,in_sample,0.0
212,DASHUSDT,0.18420136432185166,1.9074371245007333,3.455515517938497,0.08549618599965325,183318.20709565227,0.0,849984.8737623177,0.1,in_sample,0.0
213,EOSUSDT,0.4643705401771423,2.1150753461372642,4.238085347706311,0.08582801654663191,462144.10608040146,0.0,1128810.7727470691,0.1,in_sample,0.0
214,ETCUSDT,0.8248711611297133,3.9189156041046234,9.882651765152488,0.0858896606447467,820916.299398271,0.0,1487582.966064936,0.1,in_sample,0.0
215,ETHUSDT,0.6636798262585808,3.403382293006785,8.618473156023638,0.08593119428479744,660497.7996943289,0.0,1327164.466360994,0.1,in_sample,0.0
216,LINKUSDT,0.7016187871681406,2.79424157286516,6.863710638550268,0.08627280535060444,698254.8614762423,0.0,1364921.528142905,0.1,in_sample,0.0
217,LTCUSDT,0.5810170023130066,2.6577984337881397,3.221945931396886,0.0857578948174991,578231.304356715,0.0,1244897.971023378,0.1,in_sample,0.0
218,NEOUSDT,0.3682472685704743,2.718251518212649,5.775027647005737,0.08603823539774695,366481.6994745884,0.0,1033148.3661412551,0.1,in_sample,0.0
219,QTUMUSDT,0.5323355692439782,3.9877876110287427,12.619020363131527,0.0858131634443332,529783.2754188424,0.0,1196449.9420855024,0.1,in_sample,0.0
220,TRXUSDT,0.7850207024590763,4.120050640934636,14.476033833535928,0.08570503145451173,781256.9045705793,0.0,1447923.5712372405,0.1,in_sample,0.0
221,XLMUSDT,0.5625973840888032,2.7346557114482954,5.243745791395263,0.08570083284838363,559899.9993705722,0.0,1226566.6660372359,0.1,in_sample,0.0
222,XRPUSDT,1.276483626398393,4.498130142114498,15.75863308894764,0.08590440148789176,1270363.4994225185,0.0,1937030.1660891767,0.1,in_sample,0.0
223,ZECUSDT,0.3514605681211136,2.9449312724278784,6.529168765867417,0.08584279646963477,349775.48320546676,0.0,1016442.149872131,0.1,in_sample,0.0
224,ALL,0.8048462461200616,5.811601039740583,24.933188144844376,0.11682636918917196,12014810.913826514,0.0,22014810.913826536,0.15,in_sample,0.0
225,BATUSDT,0.2945863167793558,2.326383010764759,3.997133275384669,0.1161505310726703,293173.91663042014,0.0,959840.5832970802,0.15,in_sample,0.0
226,BNBUSDT,1.2332548063705575,5.278289157363889,18.022627172524974,0.11667454922327626,1227341.9408605555,0.0,1894008.607527228,0.15,in_sample,0.0
227,BTCUSDT,0.7152789567991567,4.209266632185593,14.9836844945384,0.1168223141732572,711849.5371432757,0.0,1378516.2038099368,0.15,in_sample,0.0
228,DASHUSDT,0.28673105172975,2.7729518194923517,9.104328115430468,0.11663076653637006,285356.313810496,0.0,952022.9804771644,0.15,in_sample,0.0
229,EOSUSDT,0.6732043564181475,2.77217724999736,7.2536623450657505,0.11653810059989417,669976.6642983299,0.0,1336643.330965001,0.15,in_sample,0.0
230,ETCUSDT,1.0178737241403972,4.102321682526117,10.772702489328701,0.11742936285080595,1012993.5076547812,0.0,1679660.1743214594,0.15,in_sample,0.0
231,ETHUSDT,0.8917725717660685,4.114356048080775,13.80319594871896,0.11740535270922242,887496.9498466419,0.0,1554163.6165133088,0.15,in_sample,0.0
232,LINKUSDT,1.1589051253301537,4.068797481989785,15.528478492820469,0.1171879178091521,1153348.7308936305,0.0,1820015.397560306,0.15,in_sample,0.0
233,LTCUSDT,0.8412202543004645,3.4581753642318693,8.248956358720273,0.11611255819804021,837187.0065058792,0.0,1503853.6731725398,0.15,in_sample,0.0
234,NEOUSDT,0.5116202263433516,3.3912341505542654,8.414461038773785,0.11766274259606815,509167.25265540497,0.0,1175833.9193220707,0.15,in_sample,0.0
235,QTUMUSDT,0.6511481895184568,4.300626408320102,13.853159876443202,0.11649607389739491,648026.2461440568,0.0,1314692.9128107198,0.15,in_sample,0.0
236,TRXUSDT,0.9295680892686748,4.61920862876363,16.538880486819092,0.11673903822973299,925111.255963956,0.0,1591777.9226306286,0.15,in_sample,0.0
237,XLMUSDT,0.8498947613751298,3.689646686349001,11.469231764117252,0.11687588242886779,845819.9234781276,0.0,1512486.5901447923,0.15,in_sample,0.0
238,XRPUSDT,1.5793354665612245,4.8492861699299725,14.814360768176194,0.11681420083457658,1571763.3102146974,0.0,2238429.976881365,0.15,in_sample,0.0
239,ZECUSDT,0.4382997951000325,3.3437995789203296,8.028655948205476,0.11685614667825024,436198.35772625986,0.0,1102865.0243929317,0.15,in_sample,0.0
240,ALL,0.9463680666685289,6.296630244366561,33.23643395445051,0.14005116665154088,14127460.28290452,0.0,24127460.282904513,0.2,in_sample,0.0
241,BATUSDT,0.3607862933053843,2.7781326263266473,5.026462504302943,0.1388891328700961,359056.49600871745,0.0,1025723.1626753813,0.2,in_sample,0.0
242,BNBUSDT,1.4233896277427764,5.718539665381385,21.602956336906985,0.1397707121351705,1416565.156924833,0.0,2083231.8235914982,0.2,in_sample,0.0
243,BTCUSDT,0.8224680661958054,4.474988209090101,16.879113722747185,0.14001724724634212,818524.7261524083,0.0,1485191.3928190672,0.2,in_sample,0.0
244,DASHUSDT,0.3643252583446788,3.3503266496201642,11.908042690539311,0.1396694731383018,362578.49340741,0.0,1029245.1600740764,0.2,in_sample,0.0
245,EOSUSDT,0.822688544573869,3.156676659974566,10.509222887240579,0.13931454303035307,818744.1474423502,0.0,1485410.8141090171,0.2,in_sample,0.0
246,ETCUSDT,1.1998594930372528,4.446031539717596,13.519025531459153,0.14164180087856168,1194106.74204323,0.0,1860773.4087099049,0.2,in_sample,0.0
247,ETHUSDT,1.0620973853605349,4.6113400014646935,18.887825105398736,0.1406348562440149,1057005.1376225061,0.0,1723671.8042891715,0.2,in_sample,0.0
248,LINKUSDT,1.4488228728347157,4.789780931518515,21.644487527487176,0.14046700146034058,1441876.4618005652,0.0,2108543.128467243,0.2,in_sample,0.0
249,LTCUSDT,1.0357120479256408,3.92289548375426,15.342904444008294,0.13892016177004254,1030746.3052301103,0.0,1697412.9718967734,0.2,in_sample,0.0
250,NEOUSDT,0.6252887001419536,3.8600027954871647,10.45355350678866,0.14199370970871256,622290.7406207295,0.0,1288957.4072873916,0.2,in_sample,0.0
251,QTUMUSDT,0.7373212147058009,4.562603295224421,13.237160729005929,0.13974713660649815,733786.1129914618,0.0,1400452.7796581245,0.2,in_sample,0.0
252,TRXUSDT,1.0212678221072449,4.833249435722491,18.097233000395327,0.13944105832876727,1016371.3325491971,0.0,1683037.9992158632,0.2,in_sample,0.0
253,XLMUSDT,1.0297713728834117,3.7795244342579157,16.044733684066625,0.1401518114156523,1024834.1128764292,0.0,1691500.779543103,0.2,in_sample,0.0
254,XRPUSDT,1.7484293035930856,4.98168209352513,13.7667768558662,0.14033403496497768,1740046.4233703846,0.0,2406713.0900370455,0.2,in_sample,0.0
255,ZECUSDT,0.4932929972757869,3.565489245865389,10.835145389767053,0.13977481997528182,490927.893864188,0.0,1157594.5605308572,0.2,in_sample,0.0
256,ALL,1.0178844272012395,6.423138107250567,40.45213756857015,0.1569145862072184,15195062.39099391,0.0,25195062.390993845,0.25,in_sample,0.0
257,BATUSDT,0.3970816851007669,2.9589350148586226,5.664366245059611,0.1554119341146508,395177.8688023436,0.0,1061844.5354690051,0.25,in_sample,0.0
258,BNBUSDT,1.5302058580602802,5.924928437147808,23.52775897734055,0.1559753057824073,1522869.2546312434,0.0,2189535.9212978906,0.25,in_sample,0.0
259,BTCUSDT,0.8595890368201959,4.475611254931003,18.477243763091554,0.1569422191693573,855467.7195203815,0.0,1522134.3861870395,0.25,in_sample,0.0
260,DASHUSDT,0.38898716351634227,3.4388322420165474,11.648266042773564,0.1566982209741918,387122.15656797716,0.0,1053788.8232346429,0.25,in_sample,0.0
261,EOSUSDT,0.8962011758208416,3.2931953853407836,12.398752844526353,0.15606939273961132,891904.3208682722,0.0,1558570.9875349426,0.25,in_sample,0.0
262,ETCUSDT,1.2853492689513761,4.602446846600896,15.371928389105836,0.15867295413378102,1279186.6354700916,0.0,1945853.302136769,0.25,in_sample,0.0
263,ETHUSDT,1.1751931282779555,4.84889145119711,21.92828989499323,0.15779708577641904,1169558.6406766274,0.0,1836225.3073432895,0.25,in_sample,0.0
264,LINKUSDT,1.642164320651047,5.220917780360825,25.807537453530127,0.15737196065423326,1634290.9300725823,0.0,2300957.59673925,0.25,in_sample,0.0
265,LTCUSDT,1.1278101700145493,4.070603945152097,18.824832906024685,0.15551545617673754,1122402.8609802471,0.0,1789069.5276468992,0.25,in_sample,0.0
266,NEOUSDT,0.6865915071938355,4.0014742853335505,11.145231449459493,0.15931201386027294,683299.6301045528,0.0,1349966.2967712167,0.25,in_sample,0.0
267,QTUMUSDT,0.7902396002254839,4.685429433932975,14.355654462769563,0.15641403064294998,786450.7802244129,0.0,1453117.4468910692,0.25,in_sample,0.0
268,TRXUSDT,1.0643492675977608,4.8234444460336,16.393850279557885,0.15585712683483424,1059246.2231640746,0.0,1725912.8898307395,0.25,in_sample,0.0
269,XLMUSDT,1.0756764241760808,3.7509738701207582,16.82319937006819,0.15739938193379793,1070519.0714574321,0.0,1737185.738124095,0.25,in_sample,0.0
270,XRPUSDT,1.814222603416726,4.975523205351507,13.159942014354092,0.15700878141916522,1805524.2758660987,0.0,2472190.9425327647,0.25,in_sample,0.0
271,ZECUSDT,0.5346051981953537,3.7078291915281345,12.643317286056861,0.15727292889586636,532042.0225875725,0.0,1198708.6892542343,0.25,in_sample,0.0
272,ALL,1.0493152357808337,6.374853220028938,41.07414207070442,0.168632154441917,15664264.0848242,0.0,25664264.08482416,0.3,in_sample,0.0
273,BATUSDT,0.41393149152300146,3.007397888647495,5.988926614293756,0.16656653157185608,411946.88848145667,0.0,1078613.5551481193,0.3,in_sample,0.0
274,BNBUSDT,1.5787715506427524,5.973378624935617,24.495416110526776,0.16733789437092028,1571202.0980027,0.0,2237868.764669351,0.3,in_sample,0.0
275,BTCUSDT,0.8881079909887885,4.489773981687611,20.205510054488077,0.16869764542954205,883849.938977207,0.0,1550516.6056438652,0.3,in_sample,0.0
276,DASHUSDT,0.39841325346941125,3.4135662439891417,12.482366681821746,0.1682828997751421,396503.05293907237,0.0,1063169.719605745,0.3,in_sample,0.0
277,EOSUSDT,0.9516858843258513,3.384897018701707,13.46566038175876,0.16731709837860767,947123.0067982562,0.0,1613789.6734649283,0.3,in_sample,0.0
278,ETCUSDT,1.3291695046724328,4.630167694100765,15.868094646883103,0.17042920077505772,1322796.7741705647,0.0,1989463.4408372452,0.3,in_sample,0.0
279,ETHUSDT,1.2471761565994237,4.942601536850788,24.16812299286605,0.16984595873965408,1241196.5448896955,0.0,1907863.2115563669,0.3,in_sample,0.0
280,LINKUSDT,1.7444781647269898,5.4095316549344705,28.5315677585123,0.169314672752871,1736114.228320774,0.0,2402780.894987431,0.3,in_sample,0.0
281,LTCUSDT,1.1667098690538507,4.034186403043156,20.20215543490472,0.16745598107187562,1161116.054613188,0.0,1827782.7212798481,0.3,in_sample,0.0
282,NEOUSDT,0.695675180046479,3.9171198564608964,10.94338981295068,0.17116465117287172,692339.7511010497,0.0,1359006.417767717,0.3,in_sample,0.0
283,QTUMUSDT,0.817802022765449,4.717616212420363,16.062366525583084,0.16845113126945097,813881.0541631599,0.0,1480547.7208298154,0.3,in_sample,0.0
284,TRXUSDT,1.0754490416937927,4.73922460685465,14.011077602164246,0.1671255218039733,1070292.7791651338,0.0,1736959.4458317903,0.3,in_sample,0.0
285,XLMUSDT,1.0769701356164731,3.5438722588969815,16.301124531350606,0.16938856677462572,1071806.58017174,0.0,1738473.2468384032,0.3,in_sample,0.0
286,XRPUSDT,1.815891928660473,4.879251957812122,12.722128707355635,0.16870554756293057,1807185.597495668,0.0,2473852.264162329,0.3,in_sample,0.0
287,ZECUSDT,0.5394963619273412,3.6190471310514356,12.114136266152737,0.16939901517937628,536909.7355345357,0.0,1203576.4022012055,0.3,in_sample,0.0
288,ALL,1.0588554602708158,6.230192329087724,41.02991687025542,0.17654236887684763,15806681.340138663,0.0,25806681.34013865,0.35,in_sample,0.0
289,BATUSDT,0.4234330290466959,3.0183752955100633,6.238591186133457,0.17400842985750412,421402.8706882532,0.0,1088069.5373549194,0.35,in_sample,0.0
290,BNBUSDT,1.6053868258346278,5.956787057225046,25.29995720238887,0.17521486912533554,1597689.7657107739,0.0,2264356.4323774297,0.35,in_sample,0.0
291,BTCUSDT,0.8769069012665531,4.331803347933412,19.850600726718447,0.1766295563882782,872702.5531097968,0.0,1539369.2197764623,0.35,in_sample,0.0
292,DASHUSDT,0.40255603535497986,3.381162447933303,12.045262493224206,0.17596459491955982,400625.97217176575,0.0,1067292.6388384376,0.35,in_sample,0.0
293,EOSUSDT,0.9809216913117169,3.385234284961178,14.322839584631303,0.17502560828752722,976218.6421067894,0.0,1642885.308773464,0.35,in_sample,0.0
294,ETCUSDT,1.3346525356574381,4.5400538278736144,15.640131925883729,0.1785785247633375,1328253.51665085,0.0,1994920.183317528,0.35,in_sample,0.0
295,ETHUSDT,1.2706875370785005,4.931190842144778,24.61916981884613,0.17801717602030614,1264595.1995719562,0.0,1931261.8662386264,0.35,in_sample,0.0
296,LINKUSDT,1.7801071763224987,5.42230838239836,29.651501119816942,0.177599707420206,1771572.4158880834,0.0,2438239.082554742,0.35,in_sample,0.0
297,LTCUSDT,1.1975965619130216,4.0140180902627804,18.730116671991905,0.17569543679434832,1191854.660588787,0.0,1858521.3272554474,0.35,in_sample,0.0
298,NEOUSDT,0.6741016011891121,3.664124530347555,10.274110465456099,0.1790481242670272,670869.6072108023,0.0,1337536.2738774747,0.35,in_sample,0.0
299,QTUMUSDT,0.8197582394085703,4.6104694626281235,16.8510903134487,0.17648413930126597,815827.8916853868,0.0,1482494.558352045,0.35,in_sample,0.0
300,TRXUSDT,1.0859144392196505,4.682777629466578,14.023203192550245,0.17477008925138382,1080708.000127512,0.0,1747374.666794168,0.35,in_sample,0.0
301,XLMUSDT,1.0819221687617422,3.4117344788622095,13.519584165937843,0.1771556842156733,1076734.8706923404,0.0,1743401.5373590032,0.35,in_sample,0.0
302,XRPUSDT,1.8048122552396748,4.776311528901793,12.383654045604292,0.17669790246655329,1796159.0457967496,0.0,2462825.7124634115,0.35,in_sample,0.0
303,ZECUSDT,0.5440749064574528,3.5717834919345157,11.572710009423853,0.177245690074408,541466.3281388163,0.0,1208132.9948054878,0.35,in_sample,0.0
304,ALL,1.061347495749182,6.095707989253718,33.159400682925515,0.1816907603970064,15843882.650584554,0.0,25843882.650584534,0.4,in_sample,0.0
305,BATUSDT,0.42392926997711167,2.981389852982019,6.334775932192535,0.1791157569047855,421896.73238133045,0.0,1088563.3990479975,0.4,in_sample,0.0
306,BNBUSDT,1.6181999752135838,5.916496188422741,25.597271651684,0.18049218744567483,1610441.4821817533,0.0,2277108.148848404,0.4,in_sample,0.0
307,BTCUSDT,0.8912557349105675,4.356168152277054,19.851471993604285,0.18161480594846938,886982.5909760699,0.0,1553649.2576427313,0.4,in_sample,0.0
308,DASHUSDT,0.40081659267304337,3.295947422666546,11.055666799009465,0.18103720119952593,398894.8692835135,0.0,1065561.5359501818,0.4,in_sample,0.0
309,EOSUSDT,0.9937750327434116,3.3391795612858077,14.770548385410242,0.18018655078696352,989010.3579288814,0.0,1655677.024595555,0.4,in_sample,0.0
310,ETCUSDT,1.3177854159133482,4.384926152134591,15.110931670498758,0.18392921258182277,1311467.2666589576,0.0,1978133.9333256357,0.4,in_sample,0.0
311,ETHUSDT,1.2788860171908762,4.872149457636701,25.243572889417276,0.18348472821650322,1272754.3719029666,0.0,1939421.0385696413,0.4,in_sample,0.0
312,LINKUSDT,1.8026851265134916,5.4293507451087235,30.045713321549652,0.18296604870121838,1794042.1156329575,0.0,2460708.782299614,0.4,in_sample,0.0
313,LTCUSDT,1.2364378596181131,4.105046205987905,19.61197285979993,0.180889089055678,1230509.7328939226,0.0,1897176.3995605833,0.4,in_sample,0.0
314,NEOUSDT,0.6470433576627382,3.3740857430501867,9.563266065406017,0.18439048383104137,643941.0949890057,0.0,1310607.7616556794,0.4,in_sample,0.0
315,QTUMUSDT,0.8160114947925059,4.481552860377927,16.751439493987725,0.18156903089650425,812099.1109133719,0.0,1478765.7775800303,0.4,in_sample,0.0
316,TRXUSDT,1.086897044499717,4.575265861369442,14.415383835101851,0.17962863459653708,1081685.8942863727,0.0,1748352.5609530287,0.4,in_sample,0.0
317,XLMUSDT,1.087280008514272,3.4025193450976503,13.670526335070527,0.18235969915451739,1082067.0221720862,0.0,1748733.6888387466,0.4,in_sample,0.0
318,XRPUSDT,1.7757898360506332,4.647466706584569,11.917013256229577,0.1816505388760734,1767275.775192857,0.0,2433942.441859523,0.4,in_sample,0.0
319,ZECUSDT,0.5434196699643145,3.5318042097723694,11.281402011204483,0.18204743775978088,540814.2331905093,0.0,1207480.8998571795,0.4,in_sample,0.0
320,ALL,1.0598597862994428,5.987290939294095,28.74115213405617,0.18491013053952832,15821674.001641385,0.0,25821674.00164134,0.45,in_sample,0.0
321,BATUSDT,0.4267509159814605,2.965978292110073,6.387184296660822,0.18217213679241406,424704.8499459335,0.0,1091371.5166125996,0.45,in_sample,0.0
322,BNBUSDT,1.6290820339655363,5.907185247234405,25.837984460609157,0.18363407814320912,1621271.3666794128,0.0,2287938.0333460667,0.45,in_sample,0.0
323,BTCUSDT,0.8961161773209669,4.351236367382788,19.935147591221643,0.18472424828544076,891819.7298954668,0.0,1558486.396562122,0.45,in_sample,0.0
324,DASHUSDT,0.4014071421734756,3.26560979116573,10.316311042397325,0.18442025814574634,399482.5873822294,0.0,1066149.2540488995,0.45,in_sample,0.0
325,EOSUSDT,0.9917801425252338,3.273082591402132,14.53762909668691,0.18329648747663027,987025.0322528454,0.0,1653691.698919519,0.45,in_sample,0.0
326,ETCUSDT,1.3032861861974525,4.295504324585446,14.838864152137653,0.18718979906912153,1297037.5537978667,0.0,1963704.2204645425,0.45,in_sample,0.0
327,ETHUSDT,1.2771100933881674,4.783207459522086,25.461698091868392,0.18688207104497442,1270986.962803424,0.0,1937653.6294700962,0.45,in_sample,0.0
328,LINKUSDT,1.8176732874020867,5.4301358058928395,30.566566132872637,0.18621974270162647,1808958.4154762002,0.0,2475625.0821428527,0.45,in_sample,0.0
329,LTCUSDT,1.2539945422573746,4.136461288153797,20.056134152518773,0.18426150915876097,1247982.2396575182,0.0,1914648.906324177,0.45,in_sample,0.0
330,NEOUSDT,0.623135165668034,3.124417542524395,8.991147368986745,0.18800722227195263,620147.5313120838,0.0,1286814.197978758,0.45,in_sample,0.0
331,QTUMUSDT,0.8162280082720247,4.41393002468644,16.65642125484763,0.18466202746297375,812314.5863145685,0.0,1478981.2529812227,0.45,in_sample,0.0
332,TRXUSDT,1.0777937147328593,4.420040024824252,14.618466812602009,0.18260636139306421,1072626.2106211358,0.0,1739292.877287793,0.45,in_sample,0.0
333,XLMUSDT,1.0951971166309136,3.407124093209034,13.805893295025431,0.18568302702596895,1089946.1715511822,0.0,1756612.8382178429,0.45,in_sample,0.0
334,XRPUSDT,1.7506275108148859,4.545782766260243,11.572214753945753,0.1847215402006033,1742234.0912424922,0.0,2408900.7579091527,0.45,in_sample,0.0
335,ZECUSDT,0.53771475716117,3.474686851203633,11.062732285775441,0.18517144892043824,535136.6727090239,0.0,1201803.339375694,0.45,in_sample,0.0
336,ALL,1.0601874254698216,5.942479669601652,27.069844582883533,0.1868065909666182,15826565.026106047,0.0,25826565.026106004,0.5,in_sample,0.0
337,BATUSDT,0.43044431261644145,2.9583309656947065,6.4633794204187405,0.18397519214753139,428380.5385148566,0.0,1095047.2051815223,0.5,in_sample,0.0
338,BNBUSDT,1.6338720436677598,5.891290898470594,25.995007474670366,0.18554997449226418,1626038.410581693,0.0,2292705.077248348,0.5,in_sample,0.0
339,BTCUSDT,0.8964689070178458,4.327184307015232,20.19850298482988,0.1866657100443744,892170.7684225637,0.0,1558837.4350892215,0.5,in_sample,0.0
340,DASHUSDT,0.4001915303426561,3.2419282539733763,10.271358638203582,0.18642777485030046,398272.8038273115,0.0,1064939.4704939811,0.5,in_sample,0.0
341,EOSUSDT,0.9900636027620344,3.2511550630641946,14.167965606977493,0.1851773919110555,985316.7224748126,0.0,1651983.389141486,0.5,in_sample,0.0
342,ETCUSDT,1.3007363875382771,4.263968921801659,14.786776316625076,0.18905664046939294,1294499.9802007559,0.0,1961166.6468674312,0.5,in_sample,0.0
343,ETHUSDT,1.2805523366850378,4.731918437803004,25.854116097585955,0.1887998680376119,1274412.702194075,0.0,1941079.3688607486,0.5,in_sample,0.0
344,LINKUSDT,1.8348519470522686,5.446827070438719,30.968543224207227,0.18821927661115745,1826054.7116897013,0.0,2492721.3783563557,0.5,in_sample,0.0
345,LTCUSDT,1.2597340988418075,4.140855802085485,20.268545797370425,0.18631684095825643,1253694.2778199706,0.0,1920360.9444866297,0.5,in_sample,0.0
346,NEOUSDT,0.6064995892816056,2.9697218876436544,7.508365718610785,0.19011996605213913,603591.714538468,0.0,1270258.381205141,0.5,in_sample,0.0
347,QTUMUSDT,0.8125818804050383,4.374137740313881,16.34864749351022,0.186355448487587,808685.9398825616,0.0,1475352.606549215,0.5,in_sample,0.0
348,TRXUSDT,1.0707342688226458,4.34493041621168,14.550644538042302,0.18419798264534754,1065600.6113693924,0.0,1732267.278036053,0.5,in_sample,0.0
349,XLMUSDT,1.1030021242888166,3.4177776538453974,13.920311345823212,0.1876428043950897,1097713.7579394972,0.0,1764380.424606153,0.5,in_sample,0.0
350,XRPUSDT,1.7502202650615848,4.5248129698909185,11.459624260480638,0.18660261125507763,1741828.7980373218,0.0,2408495.4647039836,0.5,in_sample,0.0
351,ZECUSDT,0.5328580876635103,3.4320498859445996,10.786781997475874,0.18699138214208708,530303.2886130672,0.0,1196969.9552797354,0.5,in_sample,0.0
352,ALL,1.0636659523307668,5.93610042244055,26.397385362994974,0.18840722517230674,15878492.760992538,0.0,25878492.76099251,0.6,in_sample,0.0
353,BATUSDT,0.4336056256103298,2.9574120267459336,6.526828437940771,0.18544668343462367,431526.69452863734,0.0,1098193.361195303,0.6,in_sample,0.0
354,BNBUSDT,1.6377847488435964,5.882798745794805,26.054317975796994,0.18706259691249816,1629932.356212164,0.0,2296599.022878821,0.6,in_sample,0.0
355,BTCUSDT,0.8951255741256176,4.304455443139925,20.05969586350802,0.18830311437513342,890833.8761674911,0.0,1557500.5428341476,0.6,in_sample,0.0
356,DASHUSDT,0.400295048103666,3.2348881477568985,10.257417622022514,0.18823903223388372,398375.82527028903,0.0,1065042.4919369589,0.6,in_sample,0.0
357,EOSUSDT,1.0005010589104706,3.274935768435819,14.189446757229504,0.18689555219776596,995704.1360252752,0.0,1662370.80269195,0.6,in_sample,0.0
358,ETCUSDT,1.3023976553174892,4.24195354935432,14.300448510166314,0.19069051010844956,1296153.2829974627,0.0,1962819.9496641404,0.6,in_sample,0.0
359,ETHUSDT,1.2903647641789873,4.748563731408887,27.098426568228643,0.19041017250556322,1284178.083802783,0.0,1950844.7504694534,0.6,in_sample,0.0
360,LINKUSDT,1.8460408059644888,5.4430043331009506,31.25931709745852,0.1898469755267202,1837189.9253879567,0.0,2503856.5920546134,0.6,in_sample,0.0
361,LTCUSDT,1.2697890020100098,4.158148122585579,20.599596653824914,0.188144006779375,1263700.972548323,0.0,1930367.6392149844,0.6,in_sample,0.0
362,NEOUSDT,0.5963868083319379,2.9065342017505924,6.966855216676989,0.1918262331982807,593527.4195248577,0.0,1260194.0861915336,0.6,in_sample,0.0
363,QTUMUSDT,0.8104094401844049,4.335306560238474,15.775390195592632,0.1878804354198646,806523.9154712049,0.0,1473190.5821378585,0.6,in_sample,0.0
364,TRXUSDT,1.0711936114973646,4.329037231501492,14.490386453239243,0.1852955364877445,1066057.7517162198,0.0,1732724.4183828796,0.6,in_sample,0.0
365,XLMUSDT,1.1107683713126981,3.4298663771166886,14.013740471527367,0.18928868397090304,1105442.7695324398,0.0,1772109.4361990981,0.6,in_sample,0.0
366,XRPUSDT,1.7606167149810257,4.535705173752952,11.337695958881683,0.1881295978214682,1752175.4019639974,0.0,2418842.06863066,0.6,in_sample,0.0
367,ZECUSDT,0.5297100555894115,3.4013771785857454,10.37334853574616,0.18864924661232688,527170.3498434353,0.0,1193837.0165101015,0.6,in_sample,0.0
368,ALL,1.0666311048799657,5.949104281534541,26.495132419205927,0.1887570698130657,15922756.801958162,0.0,25922756.80195812,0.7,in_sample,0.0
369,BATUSDT,0.4342547393083096,2.9612441158942033,6.542271891990909,0.18577474358556595,432172.6960376539,0.0,1098839.3627043199,0.7,in_sample,0.0
370,BNBUSDT,1.634824362617758,5.867760024614794,26.004330182445106,0.18732657012253676,1626986.1636189178,0.0,2293652.8302855724,0.7,in_sample,0.0
371,BTCUSDT,0.899905802821894,4.323495626383336,20.135835269429595,0.18874399659013366,895591.1859590615,0.0,1562257.8526257158,0.7,in_sample,0.0
372,DASHUSDT,0.4019472810732871,3.2467820266143277,10.30091168701242,0.18858723161960908,400020.1365749879,0.0,1066686.803241657,0.7,in_sample,0.0
373,EOSUSDT,1.0047921106875737,3.287300311574782,14.272397532147345,0.18727482567523093,999974.6142664606,0.0,1666641.2809331357,0.7,in_sample,0.0
374,ETCUSDT,1.3064414216874252,4.250430895585833,14.274227665823139,0.19110069113915,1300177.661446447,0.0,1966844.3281131247,0.7,in_sample,0.0
375,ETHUSDT,1.2921921920352888,4.752441801724694,27.340329959289594,0.19078680154678604,1285996.7500186765,0.0,1952663.4166853477,0.7,in_sample,0.0
376,LINKUSDT,1.8567861360124498,5.4702759455152234,31.56424587024877,0.1902096471418836,1847883.7367302098,0.0,2514550.403396865,0.7,in_sample,0.0
377,LTCUSDT,1.2800963042694473,4.188579984597615,20.82662982776023,0.18859025919415287,1273958.8562352858,0.0,1940625.5229019453,0.7,in_sample,0.0
378,NEOUSDT,0.5940848344295413,2.8905218578125638,6.925245095309154,0.1922817152543823,591236.482483638,0.0,1257903.1491503129,0.7,in_sample,0.0
379,QTUMUSDT,0.8126204743398895,4.343025541708384,15.831469145472054,0.18816085627962528,808724.3487779992,0.0,1475391.0154446524,0.7,in_sample,0.0
380,TRXUSDT,1.0745572973816127,4.338095899970366,14.528379585708121,0.185544186312527,1069405.3103393796,0.0,1736071.9770060387,0.7,in_sample,0.0
381,XLMUSDT,1.1124819308447371,3.4344565202211954,14.04199892988122,0.18961817470460407,1107148.1133680926,0.0,1773814.780034751,0.7,in_sample,0.0
382,XRPUSDT,1.7651989924726803,4.545904316321456,11.381745715580825,0.18834318722590856,1756735.709632062,0.0,2423402.376298724,0.7,in_sample,0.0
383,ZECUSDT,0.5292826932175951,3.396850722509077,10.359219821810502,0.18901316080388972,526745.0364692912,0.0,1193411.7031359582,0.7,in_sample,0.0
384,ALL,0.1953273071723732,3.6292720120512034,9.327939333337122,0.04674166916197326,1309986.2210475814,0.0,11309986.221047595,0.05,out_of_sample,0.0
385,BATUSDT,0.01044962510945181,0.38484313126617126,0.8264267542971951,0.04680991401351786,4672.1116832613325,0.0,671338.7783499261,0.05,out_of_sample,0.0
386,BNBUSDT,0.31153504761914896,3.4349438222464994,8.233885040312177,0.04658134457528839,139289.83293473977,0.0,805956.4996014079,0.05,out_of_sample,0.0
387,BTCUSDT,0.2842278443200144,3.1497225650759715,9.119123783078644,0.04655079566187191,127080.56205327707,0.0,793747.2287199455,0.05,out_of_sample,0.0
388,DASHUSDT,0.06025157030329667,2.3878431455035156,7.20532028888616,0.04672792747020176,26938.963130277087,0.0,693605.6297969458,0.05,out_of_sample,0.0
389,EOSUSDT,0.21985312509354882,2.297230947255208,4.02306160224716,0.046535049841083705,98298.10577812622,0.0,764964.7724447944,0.05,out_of_sample,0.0
390,ETCUSDT,0.6532604240623417,5.031778521092992,17.209327022621675,0.04684273719996143,292078.0054312193,0.0,958744.6720978887,0.05,out_of_sample,0.0
391,ETHUSDT,0.5088400966174174,4.482037191453157,13.777621135671174,0.046566956600765444,227506.51199598663,0.0,894173.178662658,0.05,out_of_sample,0.0
392,LINKUSDT,0.30933624643787067,2.6427001950542097,4.774452842578574,0.04683288051499382,138306.7311889273,0.0,804973.3978555928,0.05,out_of_sample,0.0
393,LTCUSDT,0.1607256647055761,1.9804551687470002,4.858490968411909,0.0468401646712859,71861.74125914979,0.0,738528.4079258188,0.05,out_of_sample,0.0
394,NEOUSDT,0.030241134296396577,1.026389790500989,1.3078616073662914,0.04693718782759877,13521.055098278852,0.0,680187.7217649414,0.05,out_of_sample,0.0
395,QTUMUSDT,0.0003436648598456421,0.011176478690082673,0.01513918865312627,0.046623648350861024,153.65533117033192,0.0,666820.3219978381,0.05,out_of_sample,0.0
396,TRXUSDT,0.030469662120540135,0.3467484990979645,0.5166323425718515,0.04675846923764971,13623.231731976533,0.0,680289.8983986432,0.05,out_of_sample,0.0
397,XLMUSDT,0.05959586598995738,1.9196007587992068,4.53151312297507,0.0469390097329297,26645.792442236434,0.0,693312.459108904,0.05,out_of_sample,0.0
398,XRPUSDT,0.07562991482492126,0.6238428492634738,0.949133207397243,0.04676501324658424,33814.74502255586,0.0,700481.4116892247,0.05,out_of_sample,0.0
399,ZECUSDT,0.2151497212252741,3.3884214725109345,11.810340520336588,0.046813938485005265,96195.1759663988,0.0,762861.8426330658,0.05,out_of_sample,0.0
400,ALL,0.3828950939570511,5.215876255794275,13.820690501322538,0.08597120039479329,2567932.2796777077,0.0,12567932.279677711,0.1,out_of_sample,0.0
401,BATUSDT,0.05854257133270917,1.736762968753962,3.82956384489813,0.08599541336760826,26174.85590408196,0.0,692841.5225707508,0.1,out_of_sample,0.0
402,BNBUSDT,0.7348850708315865,5.7028812835305525,23.619252069672356,0.08604022068299574,328573.04346541455,0.0,995239.7101320829,0.1,out_of_sample,0.0
403,BTCUSDT,0.5964806553378463,4.791665011053338,17.215071773233692,0.08562235478864036,266691.3127937471,0.0,933357.9794604145,0.1,out_of_sample,0.0
404,DASHUSDT,0.10521368710403109,3.3773547940548423,15.868744241152632,0.0861722606953313,47041.88825997564,0.0,713708.5549266501,0.1,out_of_sample,0.0
405,EOSUSDT,0.4978757100956254,3.7677005629377347,8.19192595121613,0.08587422366832972,222604.24633270805,0.0,889270.9129993758,0.1,out_of_sample,0.0
406,ETCUSDT,0.9722934949551144,5.464762816731299,21.860170666477593,0.0855447524194128,434720.2650579387,0.0,1101386.931724604,0.1,out_of_sample,0.0
407,ETHUSDT,0.8532110178430945,5.44044613749861,13.901631740101719,0.08633424608863564,381477.52890625224,0.0,1048144.1955729208,0.1,out_of_sample,0.0
408,LINKUSDT,0.6028735497351498,3.7387290827717043,8.511887459004848,0.08660619782382341,269549.6274500778,0.0,936216.2941167431,0.1,out_of_sample,0.0
409,LTCUSDT,0.4320686659962396,3.834396484410113,12.431499525005046,0.08591308543035467,193181.38605235046,0.0,859848.0527190188,0.1,out_of_sample,0.0
410,NEOUSDT,0.06382115211076461,1.5597493425022666,1.7235782128688575,0.08583551580612524,28534.951952111238,0.0,695201.6186187778,0.1,out_of_sample,0.0
411,QTUMUSDT,0.03944295087716135,1.013126948204852,1.536801480403174,0.08618966208554432,17635.261522322267,0.0,684301.9281889895,0.1,out_of_sample,0.0
412,TRXUSDT,0.19468858202184397,1.580515662700705,3.1310111406787073,0.08564391387021876,87046.8355691299,0.0,753713.502235794,0.1,out_of_sample,0.0
413,XLMUSDT,0.10816886775041856,2.7169999978180224,6.3163267532984335,0.08640521981547529,48363.173366339295,0.0,715029.8400330067,0.1,out_of_sample,0.0
414,XRPUSDT,0.203493725278713,1.2186778667449685,1.7585882984900112,0.08584697257997684,90983.68615011523,0.0,757650.3528167761,0.1,out_of_sample,0.0
415,ZECUSDT,0.28036670808547676,3.4589004356674105,7.653668247517905,0.08554396679942712,125354.21689514356,0.0,792020.8835618094,0.1,out_of_sample,0.0
416,ALL,0.4898724840256574,5.876390525174379,18.986654977510973,0.11708307822252155,3285389.0909254877,0.0,13285389.090925498,0.15,out_of_sample,0.0
417,BATUSDT,0.10397610893720788,2.7899047645636323,7.001386214176756,0.11697658645686924,46488.55707809253,0.0,713155.2237447562,0.15,out_of_sample,0.0
418,BNBUSDT,0.9488292233018838,6.43484376993911,29.934478532532477,0.11686287965486963,424229.1999161666,0.0,1090895.8665828437,0.15,out_of_sample,0.0
419,BTCUSDT,0.669979761497358,4.637531192280862,13.343357842291937,0.11620925428434402,299553.35607282456,0.0,966220.0227394961,0.15,out_of_sample,0.0
420,DASHUSDT,0.13925614921510743,4.012955552512021,15.678935568538543,0.11732150307389254,62262.54768939625,0.0,728929.2143560697,0.15,out_of_sample,0.0
421,EOSUSDT,0.6583889581565519,4.43054588132255,11.087044757670236,0.11635232502377187,294371.01439648017,0.0,961037.6810631462,0.15,out_of_sample,0.0
422,ETCUSDT,1.1363694216904459,5.495408172237972,23.136199202012385,0.11790723628091129,508079.9354970626,0.0,1174746.6021637267,0.15,out_of_sample,0.0
423,ETHUSDT,1.0409876047292868,5.737014322590719,15.243915598223932,0.11840429076682354,465433.95569136494,0.0,1132100.6223580334,0.15,out_of_sample,0.0
424,LINKUSDT,0.7714822374301553,4.303943772338718,14.0132950000419,0.11737738392405059,344935.9318799198,0.0,1011602.5985465876,0.15,out_of_sample,0.0
425,LTCUSDT,0.540872016475384,4.339549171737121,17.64047168746916,0.11637568530295926,241828.24176505842,0.0,908494.908431726,0.15,out_of_sample,0.0
426,NEOUSDT,0.09232140788916682,2.063210399309722,2.6060794307555777,0.11668207044037766,41277.64622137768,0.0,707944.3128880407,0.15,out_of_sample,0.0
427,QTUMUSDT,0.07057041850440511,1.5820224543481556,3.977380113952618,0.11745093390450177,31552.603402840745,0.0,698219.2700695114,0.15,out_of_sample,0.0
428,TRXUSDT,0.30835037991773995,2.168939937722508,4.974554461341278,0.11725936134401962,137865.94231481888,0.0,804532.6089814856,0.15,out_of_sample,0.0
429,XLMUSDT,0.14756461624193137,3.256623477295042,6.956943569491138,0.11801266711652411,65977.33032126118,0.0,732643.9969879258,0.15,out_of_sample,0.0
430,XRPUSDT,0.36858685737192365,1.9492279314174061,3.684209038881764,0.11709878332239369,164798.15731051174,0.0,831464.8239771728,0.15,out_of_sample,0.0
431,ZECUSDT,0.35055209902631074,3.7551824786305845,6.673094709505751,0.1159552124415145,156734.67136831197,0.0,823401.3380349752,0.15,out_of_sample,0.0
432,ALL,0.5448988245255645,6.094363128875475,21.704993180508378,0.1403701549689937,3654429.9019265743,0.0,13654429.901926588,0.2,out_of_sample,0.0
433,BATUSDT,0.1402578564760758,3.5129645592130667,9.794285918572612,0.1402981023950695,62710.41908652561,0.0,729377.0857531921,0.2,out_of_sample,0.0
434,BNBUSDT,1.0115459310267656,6.345813560008593,28.792393649579417,0.14043171843116273,452270.34587383666,0.0,1118937.012540506,0.2,out_of_sample,0.0
435,BTCUSDT,0.7085751375183077,4.557463794637807,12.458689447181529,0.1397308671792389,316809.66003957397,0.0,983476.3267062448,0.2,out_of_sample,0.0
436,DASHUSDT,0.14891628370402474,4.025735829970993,10.265997046316613,0.13988978768235572,66581.67174741786,0.0,733248.3384140902,0.2,out_of_sample,0.0
437,EOSUSDT,0.7142360618731214,4.494208470479082,11.431251737392344,0.13923198162144748,319340.7049851278,0.0,986007.3716517951,0.2,out_of_sample,0.0
438,ETCUSDT,1.2448180604531087,5.543996897733819,23.924686832222303,0.14198584909771222,556568.1967398819,0.0,1223234.863406546,0.2,out_of_sample,0.0
439,ETHUSDT,1.1698408137347067,5.979378355207083,18.09949981878987,0.14228854853341688,523045.2648928008,0.0,1189711.9315594675,0.2,out_of_sample,0.0
440,LINKUSDT,0.888238176143303,4.6809382526831635,14.987432909845808,0.14057754254457952,397138.4539453483,0.0,1063805.120612017,0.2,out_of_sample,0.0
441,LTCUSDT,0.6394392605849364,4.812434037675764,22.892896353621552,0.13954263334567168,285898.4517455433,0.0,952565.1184122147,0.2,out_of_sample,0.0
442,NEOUSDT,0.11215225672132711,2.3801253528202024,3.4099113650587474,0.13942062444890682,50144.178709119835,0.0,716810.8453757836,0.2,out_of_sample,0.0
443,QTUMUSDT,0.08990337920274077,1.8614174895865292,4.152713027914996,0.14089850573024745,40196.526089502615,0.0,706863.1927561722,0.2,out_of_sample,0.0
444,TRXUSDT,0.3552675344617968,2.3546814918552945,5.52181581419955,0.14019006698598002,158842.9805907965,0.0,825509.6472574624,0.2,out_of_sample,0.0
445,XLMUSDT,0.16651544950343944,3.501593603595293,7.991546045270681,0.14142817901987534,74450.40074830665,0.0,741117.06741497,0.2,out_of_sample,0.0
446,XRPUSDT,0.40014125780300314,2.0000720690676363,4.145657857425241,0.13991393108468086,178906.38429167838,0.0,845573.0509583442,0.2,out_of_sample,0.0
447,ZECUSDT,0.38363490867681427,3.806573066510796,5.999244669530409,0.13972398643456044,171526.26244111452,0.0,838192.9291077841,0.2,out_of_sample,0.0
448,ALL,0.5681914447864139,6.113314807631374,22.592814751135055,0.15717802932515917,3810644.6782193845,0.0,13810644.678219385,0.25,out_of_sample,0.0
449,BATUSDT,0.1618410065317839,3.8602822399038983,11.366489613020226,0.1567602666848095,72360.41958708107,0.0,739027.0862537466,0.25,out_of_sample,0.0
450,BNBUSDT,1.0503726070483335,6.343309597133614,28.80142736735361,0.15743503524819177,469630.0659367562,0.0,1136296.7326034214,0.25,out_of_sample,0.0
451,BTCUSDT,0.7195318613286885,4.434339711274568,12.628690934036946,0.15681027421971222,321708.4996427756,0.0,988375.1663094403,0.25,out_of_sample,0.0
452,DASHUSDT,0.15678203081762,4.060507204798465,9.134726746474522,0.1569560888926277,70098.51073466422,0.0,736765.1774013331,0.25,out_of_sample,0.0
453,EOSUSDT,0.7275653466236379,4.396116141782231,11.501784076716977,0.15510030485094217,325300.3357240364,0.0,991967.0023907056,0.25,out_of_sample,0.0
454,ETCUSDT,1.2777856903361389,5.479133333973416,23.10070665894669,0.1597018115687124,571308.2900094974,0.0,1237974.9566761656,0.25,out_of_sample,0.0
455,ETHUSDT,1.1760906524691486,5.756758600579038,18.384778441492724,0.15921076211650126,525839.6182082393,0.0,1192506.2848749047,0.25,out_of_sample,0.0
456,LINKUSDT,0.9630030309364468,4.891729286399772,16.175645489703626,0.157281544173755,430566.42364929256,0.0,1097233.0903159531,0.25,out_of_sample,0.0
457,LTCUSDT,0.7116221069227577,5.151252194796075,27.115059879069825,0.15654934703747658,318171.98464011605,0.0,984838.6513067884,0.25,out_of_sample,0.0
458,NEOUSDT,0.11914425151155938,2.4679908852971004,3.751761399225052,0.1557361814725179,53270.355984050126,0.0,719937.0226507162,0.25,out_of_sample,0.0
459,QTUMUSDT,0.09296696136607235,1.8450186686512375,3.8516622241825735,0.1582287917586277,41566.27838855743,0.0,708232.9450552263,0.25,out_of_sample,0.0
460,TRXUSDT,0.3527202401843096,2.2495699404998573,4.745022980925766,0.15670167514514918,157704.0647703829,0.0,824370.7314370485,0.25,out_of_sample,0.0
461,XLMUSDT,0.18241924843554447,3.7216166986399735,9.439700696473976,0.15841162382512639,81561.11754633296,0.0,748227.7842130002,0.25,out_of_sample,0.0
462,XRPUSDT,0.4347389004237385,2.0974990178990356,4.487406581949385,0.15580659461620094,194375.26940559043,0.0,861041.9360722575,0.25,out_of_sample,0.0
463,ZECUSDT,0.39628773686043006,3.730600298913637,5.61544972804298,0.15698013826703683,177183.443992012,0.0,843850.1106586778,0.25,out_of_sample,0.0
464,ALL,0.5769643459143053,6.044820247737953,23.612516798680026,0.16893139458231068,3869481.201194684,0.0,13869481.201194685,0.3,out_of_sample,0.0
465,BATUSDT,0.17424790962744569,4.032937797198846,11.902639518166733,0.16818836091196843,77907.64604728192,0.0,744574.3127139454,0.3,out_of_sample,0.0
466,BNBUSDT,1.0637060911715377,6.245096248618924,28.91772605886282,0.16946572243658473,475591.5742490726,0.0,1142258.2409157369,0.3,out_of_sample,0.0
467,BTCUSDT,0.7194138172778344,4.308742637507221,12.881793707243137,0.16865251310661886,321655.72119537764,0.0,988322.3878620453,0.3,out_of_sample,0.0
468,DASHUSDT,0.15522595462034638,3.930437752438655,8.689778820459509,0.1689165844268643,69402.77651403932,0.0,736069.4431807104,0.3,out_of_sample,0.0
469,EOSUSDT,0.7470293502590553,4.383321496402006,11.366655278247084,0.16602402706081174,334002.8487649844,0.0,1000669.5154316552,0.3,out_of_sample,0.0
470,ETCUSDT,1.2817953337914716,5.370634792163974,22.43051962787485,0.17205205002993132,573101.0339440594,0.0,1239767.7006107226,0.3,out_of_sample,0.0
471,ETHUSDT,1.1834309051240268,5.6152674569828855,19.59908982182618,0.1711736462548614,529121.5043838427,0.0,1195788.1710505066,0.3,out_of_sample,0.0
472,LINKUSDT,0.9929581584822214,4.941817692626958,16.799507995740473,0.16896779285833052,443959.60282215325,0.0,1110626.2694888166,0.3,out_of_sample,0.0
473,LTCUSDT,0.7375466797391419,5.198905405690305,29.220550050902776,0.16836126991855832,329763.0702791015,0.0,996429.7369457731,0.3,out_of_sample,0.0
474,NEOUSDT,0.12430552314626393,2.5347775239789203,4.009330002544069,0.16748382788714122,55578.0021677558,0.0,722244.6688344217,0.3,out_of_sample,0.0
475,QTUMUSDT,0.09569274950048443,1.855601598005595,3.6486432487726157,0.17028294650503356,42785.00025230703,0.0,709451.666918976,0.3,out_of_sample,0.0
476,TRXUSDT,0.34241099400631037,2.1273784109445475,4.145482861257267,0.16761728077819563,153094.71763980755,0.0,819761.3843064744,0.3,out_of_sample,0.0
477,XLMUSDT,0.19374058204380368,3.8792035116048686,10.3804520734668,0.17056999426723712,86622.9771314591,0.0,753289.6437981237,0.3,out_of_sample,0.0
478,XRPUSDT,0.4505745697033192,2.1374534133344434,4.551415920192125,0.16673733009565977,201455.52488637358,0.0,868122.1915530441,0.3,out_of_sample,0.0
479,ZECUSDT,0.3923865702213193,3.590305573433219,5.056475113417159,0.16947757219686338,175439.2009170683,0.0,842105.8675837329,0.3,out_of_sample,0.0
480,ALL,0.5803085447614389,5.974553681652657,25.049588897997722,0.17681945723108608,3891909.47542633,0.0,13891909.475426316,0.35,out_of_sample,0.0
481,BATUSDT,0.18414311110933393,4.214951064146799,12.307689680382575,0.17601003453173167,82331.87045414081,0.0,748998.5371208019,0.35,out_of_sample,0.0
482,BNBUSDT,1.0745331797801545,6.1713970789774955,28.877769509933103,0.1781805353663774,480432.4529077967,0.0,1147099.1195744602,0.35,out_of_sample,0.0
483,BTCUSDT,0.7278220042246603,4.2887361556858785,13.407790175671117,0.17679900555852998,325415.0894079048,0.0,992081.7560745722,0.35,out_of_sample,0.0
484,DASHUSDT,0.1536462652904319,3.8449335976251224,8.310733297381974,0.17649832864017795,68696.48467132737,0.0,735363.1513379975,0.35,out_of_sample,0.0
485,EOSUSDT,0.7481129450925648,4.316743070892544,11.103627750006895,0.1732927077252352,334487.33275637776,0.0,1001153.9994230454,0.35,out_of_sample,0.0
486,ETCUSDT,1.277524807821853,5.261958914805247,21.65019435531467,0.18017589143946502,571191.6473328345,0.0,1237858.3139994966,0.35,out_of_sample,0.0
487,ETHUSDT,1.1860165741257804,5.520523075401636,20.405102381395373,0.17952702763014725,530277.5778530462,0.0,1196944.2445197077,0.35,out_of_sample,0.0
488,LINKUSDT,1.0118230492282818,4.952426706288553,17.245990228834284,0.17700576858695943,452394.24765724427,0.0,1119060.9143239083,0.35,out_of_sample,0.0
489,LTCUSDT,0.7588146113677458,5.242805076191118,30.571351928049157,0.1760121339427779,339272.13407804264,0.0,1005938.8007447112,0.35,out_of_sample,0.0
490,NEOUSDT,0.12947126780493162,2.605191050860918,4.285004849582841,0.1758578346435248,57887.648276556865,0.0,724554.3149432247,0.35,out_of_sample,0.0
491,QTUMUSDT,0.09731155452656448,1.8673966094089591,3.6322361979351405,0.17764386485324266,43508.78103831889,0.0,710175.4477049898,0.35,out_of_sample,0.0
492,TRXUSDT,0.32983375871168136,2.0182602656856585,3.6941930079461818,0.17441197336920378,147471.33427938554,0.0,814138.0009460523,0.35,out_of_sample,0.0
493,XLMUSDT,0.2003453818727757,3.961435413898447,10.868895134138887,0.17900447836312516,89576.0364157201,0.0,756242.7030823864,0.35,out_of_sample,0.0
494,XRPUSDT,0.44307619918213376,2.0787005901052416,4.280518750285116,0.1740378530221025,198102.94293721707,0.0,864769.6096038839,0.35,out_of_sample,0.0
495,ZECUSDT,0.38215346128269423,3.445921942197699,4.619973224073831,0.17783442079369016,170863.8953604165,0.0,837530.5620270798,0.35,out_of_sample,0.0
496,ALL,0.5835267356259339,5.94014342644723,26.34710246095329,0.18192956410712913,3913492.661874841,0.0,13913492.661874842,0.4,out_of_sample,0.0
497,BATUSDT,0.18988938897474855,4.314143316044557,12.650019163219898,0.18108284041913042,84901.07764282235,0.0,751567.7443094861,0.4,out_of_sample,0.0
498,BNBUSDT,1.0880276955542492,6.158447049514201,28.50254260565277,0.18390706582732444,486465.9597702596,0.0,1153132.6264369264,0.4,out_of_sample,0.0
499,BTCUSDT,0.7242558374577777,4.220419546123839,13.242079133350867,0.18219267655562235,323820.6274782686,0.0,990487.2941449347,0.4,out_of_sample,0.0
500,DASHUSDT,0.15425513668165095,3.8254550111150887,8.261989189238111,0.18149358780993188,68968.7159820912,0.0,735635.3826487594,0.4,out_of_sample,0.0
501,EOSUSDT,0.7490593647472357,4.260765445211114,10.961140158049512,0.177541338866851,334910.48461872025,0.0,1001577.1512853887,0.4,out_of_sample,0.0
502,ETCUSDT,1.2836840532678486,5.216772290991314,21.921620993945155,0.18569778252770297,573945.4956581919,0.0,1240612.162324856,0.4,out_of_sample,0.0
503,ETHUSDT,1.192998229585867,5.480970680079679,21.000665268398816,0.18548695851513927,533399.1323300579,0.0,1200065.7989967251,0.4,out_of_sample,0.0
504,LINKUSDT,1.026020254046942,4.970708257830888,17.621737949111534,0.18218215755740966,458741.9324601063,0.0,1125408.599126772,0.4,out_of_sample,0.0
505,LTCUSDT,0.7708615041693948,5.2716144306927735,31.69892428032201,0.18048359648122828,344658.39703159675,0.0,1011325.0636982643,0.4,out_of_sample,0.0
506,NEOUSDT,0.13440220726211072,2.684235231532239,4.534668465942084,0.18143253733255674,60092.31108560997,0.0,726758.9777522755,0.4,out_of_sample,0.0
507,QTUMUSDT,0.10081529428071724,1.9266769363095022,3.8227043317339255,0.18259548234533376,45075.33134696704,0.0,711741.9980136388,0.4,out_of_sample,0.0
508,TRXUSDT,0.3198876982575139,1.9378627392830947,3.4142075246229457,0.17887733838697847,143024.37041574472,0.0,809691.0370824119,0.4,out_of_sample,0.0
509,XLMUSDT,0.2032581927119455,3.9867393137817397,11.116836979225832,0.18415719352538643,90878.37763947307,0.0,757545.0443061399,0.4,out_of_sample,0.0
510,XRPUSDT,0.4399111308297057,2.0531778006059676,4.093482299684163,0.17863671852626367,196687.81534433208,0.0,863354.4820109985,0.4,out_of_sample,0.0
511,ZECUSDT,0.3755750465613036,3.3465769054835603,4.41184979051841,0.18317618693007778,167922.63307059943,0.0,834589.2997372648,0.4,out_of_sample,0.0
512,ALL,0.5839378300539182,5.901589145170219,27.388785927643415,0.1851435981911307,3916249.716400415,0.0,13916249.716400422,0.45,out_of_sample,0.0
513,BATUSDT,0.19246272459469205,4.347692657539334,12.805673037193941,0.18420770334546804,86051.63675752156,0.0,752718.3034241869,0.45,out_of_sample,0.0
514,BNBUSDT,1.0873425337849758,6.102260189362806,27.69694460184275,0.18753805656212538,486159.6184160388,0.0,1152826.2850827042,0.45,out_of_sample,0.0
515,BTCUSDT,0.7208384525774046,4.168375956237741,13.237383245244644,0.18565922664856593,322292.6871303097,0.0,988959.353796975,0.45,out_of_sample,0.0
516,DASHUSDT,0.15500661403506677,3.814065318297806,8.350069370203684,0.184697083366173,69304.70756894791,0.0,735971.3742356177,0.45,out_of_sample,0.0
517,EOSUSDT,0.7465514608630441,4.2144996379172115,10.934308089027445,0.18009770500346697,333789.1805609104,0.0,1000455.8472275786,0.45,out_of_sample,0.0
518,ETCUSDT,1.284896872016443,5.17882673198049,21.619488706313014,0.18908549601441682,574487.7567044608,0.0,1241154.4233711264,0.45,out_of_sample,0.0
519,ETHUSDT,1.19455646937517,5.4429087003793,21.13174998125684,0.18921769455433654,534095.8339101325,0.0,1200762.5005767979,0.45,out_of_sample,0.0
520,LINKUSDT,1.0395487813120272,4.992913282511949,17.842009492848952,0.18581416272858597,464790.64613456605,0.0,1131457.3128012298,0.45,out_of_sample,0.0
521,LTCUSDT,0.7759339351275794,5.268813378315005,32.26993518436931,0.18313274578285102,346926.3218321545,0.0,1013592.9884988226,0.45,out_of_sample,0.0
522,NEOUSDT,0.13647956905078312,2.711199494596489,4.679779122044822,0.1848077782318709,61021.11629934315,0.0,727687.7829660084,0.45,out_of_sample,0.0
523,QTUMUSDT,0.10406139189438732,1.9854808447624246,4.07114555257436,0.18579682008109755,46526.68777621343,0.0,713193.3544428862,0.45,out_of_sample,0.0
524,TRXUSDT,0.3147033560360518,1.8950781279619016,3.2719409949184732,0.1814239127244692,140706.40918658944,0.0,807373.0758532576,0.45,out_of_sample,0.0
525,XLMUSDT,0.2070254609244152,4.0423611825499535,11.377613570145376,0.18755917516430415,92562.75364771108,0.0,759229.4203143789,0.45,out_of_sample,0.0
526,XRPUSDT,0.42687278602678247,1.984562930345869,3.8615072255542193,0.18146719047200627,190858.26620299206,0.0,857524.932869661,0.45,out_of_sample,0.0
527,ZECUSDT,0.3727870431899485,3.3016294132941875,4.317188070862627,0.1866492221872228,166676.09427252412,0.0,833342.7609391892,0.45,out_of_sample,0.0
528,ALL,0.5817505063089707,5.849729595936888,27.79876771661174,0.1870801021534196,3901580.165028767,0.0,13901580.165028771,0.5,out_of_sample,0.0
529,BATUSDT,0.19371585090512483,4.359670131115306,12.934627456083684,0.1858770580724083,86611.91963985056,0.0,753278.586306515,0.5,out_of_sample,0.0
530,BNBUSDT,1.0804884094084308,6.028861972176553,27.34496034174662,0.18968379351778036,483095.0841152612,0.0,1149761.7507819277,0.5,out_of_sample,0.0
531,BTCUSDT,0.7154184772612797,4.116114415554804,13.214111908176582,0.1879178122636962,319869.3724436851,0.0,986536.0391103514,0.5,out_of_sample,0.0
532,DASHUSDT,0.1567796309223202,3.8362272878470876,8.467355484120503,0.18671955981118302,70097.43772211624,0.0,736764.1043887846,0.5,out_of_sample,0.0
533,EOSUSDT,0.7452102796396678,4.193740831741507,11.150851336640965,0.18169246149530707,333189.5276166686,0.0,999856.1942833369,0.5,out_of_sample,0.0
534,ETCUSDT,1.2757922478747592,5.106505687441387,21.26911797249167,0.19102496832318658,570417.0058039759,0.0,1237083.67247064,0.5,out_of_sample,0.0
535,ETHUSDT,1.1890993428455094,5.3851939160611675,20.920516359043187,0.19138975424020827,531655.9086162373,0.0,1198322.5752829046,0.5,out_of_sample,0.0
536,LINKUSDT,1.0460815726942645,4.992344472401698,17.792399261557286,0.1879670237795024,467711.5098614025,0.0,1134378.176528067,0.5,out_of_sample,0.0
537,LTCUSDT,0.7731804539306439,5.21943762330511,32.299145247504455,0.18481983378053082,345695.21817675175,0.0,1012361.8848434195,0.5,out_of_sample,0.0
538,NEOUSDT,0.13668526473619508,2.7076994750233343,4.721955246376234,0.18683979804864886,61113.084499632656,0.0,727779.7511662972,0.5,out_of_sample,0.0
539,QTUMUSDT,0.10699585462402111,2.0390022996286112,4.252452094679981,0.18753956940259775,47838.70973485898,0.0,714505.3764015315,0.5,out_of_sample,0.0
540,TRXUSDT,0.312042689757316,1.8726371924683616,3.1894093710213802,0.18301049123095003,139516.8038298498,0.0,806183.4704965168,0.5,out_of_sample,0.0
541,XLMUSDT,0.21008664611128508,4.091879365775906,11.565704873154491,0.18976823888464447,93931.43423925243,0.0,760598.1009059208,0.5,out_of_sample,0.0
542,XRPUSDT,0.41651012663012543,1.930327459148386,3.681762795920184,0.1831969667286794,186225.037591473,0.0,852891.704258142,0.5,out_of_sample,0.0
543,ZECUSDT,0.3681707472936225,3.246135391834278,4.1812041737059165,0.18875420272196997,164612.11113775085,0.0,831278.7778044165,0.5,out_of_sample,0.0
544,ALL,0.5780650284577685,5.781992670367805,28.026295168330982,0.18881351701802157,3876863.061860028,0.0,13876863.061860034,0.6,out_of_sample,0.0
545,BATUSDT,0.1950681133832484,4.374117463630885,13.111133085380914,0.1875396923188564,87216.52710248272,0.0,753883.1937691465,0.6,out_of_sample,0.0
546,BNBUSDT,1.0750315990587342,5.9662604438898965,28.80328316824622,0.19166311912932588,480655.3001879813,0.0,1147321.966854647,0.6,out_of_sample,0.0
547,BTCUSDT,0.7156542084101394,4.099638795953786,13.156434838483829,0.18975150890342596,319974.76974197594,0.0,986641.4364086429,0.6,out_of_sample,0.0
548,DASHUSDT,0.15848206539820214,3.8683455302277836,8.580501308030382,0.1883714917252367,70858.60990977313,0.0,737525.2765764411,0.6,out_of_sample,0.0
549,EOSUSDT,0.7445309282383685,4.179871456078412,11.329065111120244,0.18325179786575832,332885.7841248393,0.0,999552.450791508,0.6,out_of_sample,0.0
550,ETCUSDT,1.2531861840004437,4.967534120706407,20.703261133685377,0.19286928585993532,560309.6522833046,0.0,1226976.31894997,0.6,out_of_sample,0.0
551,ETHUSDT,1.1782353371891978,5.302729158633028,19.988365865139766,0.19331361479881068,526798.5240476815,0.0,1193465.1907143483,0.6,out_of_sample,0.0
552,LINKUSDT,1.0505614736954418,4.9785038867763705,17.416745938067425,0.18962916428079543,469714.50973825966,0.0,1136381.1764049253,0.6,out_of_sample,0.0
553,LTCUSDT,0.7725089843408373,5.176103063303797,32.27922114339898,0.18638122564147913,345394.99870642275,0.0,1012061.6653730912,0.6,out_of_sample,0.0
554,NEOUSDT,0.13500626330268342,2.6657049966101796,4.665476238151926,0.18895122452336185,60362.38941425322,0.0,727029.0560809182,0.6,out_of_sample,0.0
555,QTUMUSDT,0.11154495154228333,2.1203205005899215,4.446383374869142,0.18934037490627428,49872.64766444736,0.0,716539.3143311198,0.6,out_of_sample,0.0
556,TRXUSDT,0.3095135101241665,1.851911662524771,3.1270866384634544,0.18429067046240394,138385.98721304987,0.0,805052.6538797168,0.6,out_of_sample,0.0
557,XLMUSDT,0.21325793201915225,4.142370535737279,11.75800733771498,0.1915765754976782,95349.34175133175,0.0,762016.008418,0.6,out_of_sample,0.0
558,XRPUSDT,0.39549697110126325,1.8276612658975686,3.2435676978090404,0.1847502367863381,176829.88624200097,0.0,843496.5529086698,0.6,out_of_sample,0.0
559,ZECUSDT,0.3628969050623683,3.1887714612195857,4.086496903663336,0.19052277257064354,162254.13373222426,0.0,828920.8003988899,0.6,out_of_sample,0.0
560,ALL,0.5771144604215971,5.7660918132057795,28.058222640388852,0.18925680061317063,3870487.962302372,0.0,13870487.962302377,0.7,out_of_sample,0.0
561,BATUSDT,0.19526216370243005,4.377704678316241,13.125429975199463,0.1880349300053736,87303.28856558655,0.0,753969.9552322509,0.7,out_of_sample,0.0
562,BNBUSDT,1.0787696238279534,5.981743180169786,29.062173087775864,0.19208820795103482,482326.601216837,0.0,1148993.2678835026,0.7,out_of_sample,0.0
563,BTCUSDT,0.7142206191680207,4.087963772533149,13.105022140681436,0.19021451031519312,319333.8004271019,0.0,986000.4670937688,0.7,out_of_sample,0.0
564,DASHUSDT,0.15853630187207796,3.8671768570433787,8.58343066677684,0.18873790635622426,70882.85947476709,0.0,737549.5261414351,0.7,out_of_sample,0.0
565,EOSUSDT,0.7432237761801778,4.169046767394238,11.318479952673991,0.18353772132929605,332301.3458948639,0.0,998968.012561533,0.7,out_of_sample,0.0
566,ETCUSDT,1.2463924054648732,4.9350540550887025,20.57529270235317,0.19342428279924842,557272.0990948363,0.0,1223938.7657615014,0.7,out_of_sample,0.0
567,ETHUSDT,1.1736256114066683,5.2721174659878365,19.496798172404322,0.1938531174324634,524737.4784637871,0.0,1191404.1451304548,0.7,out_of_sample,0.0
568,LINKUSDT,1.0520266168182715,4.979576382663179,17.288182313243194,0.19009237627663725,470369.587047745,0.0,1137036.2537144097,0.7,out_of_sample,0.0
569,LTCUSDT,0.772171882672329,5.169847980562821,32.282795098780994,0.18686667543017502,345244.27783104347,0.0,1011910.9444977117,0.7,out_of_sample,0.0
570,NEOUSDT,0.1341935344050803,2.647847249226904,4.63624815279166,0.18940718863178096,59999.011767874035,0.0,726665.6784345392,0.7,out_of_sample,0.0
571,QTUMUSDT,0.11260168556207231,2.138792374098067,4.480672277790036,0.18980863347346202,50345.121969338,0.0,717011.7886360103,0.7,out_of_sample,0.0
572,TRXUSDT,0.31109865389392816,1.8595693029161804,3.1428788275853687,0.18453991780115553,139094.71777981857,0.0,805761.3844464861,0.7,out_of_sample,0.0
573,XLMUSDT,0.21345760053914237,4.144223228479849,11.767443811932436,0.19190741568460282,95438.61515733978,0.0,762105.2818240077,0.7,out_of_sample,0.0
574,XRPUSDT,0.3884061188743956,1.794002742977441,3.1415349343734347,0.185217585752754,173659.50900966936,0.0,840326.1756763374,0.7,out_of_sample,0.0
575,ZECUSDT,0.36273031193653793,3.185241917703177,4.094270360321547,0.19112153995815864,162179.6486017636,0.0,828846.3152684292,0.7,out_of_sample,0.0
