,signal,ret,cumsum
2016-12-15,-0.014380182638815908,0.00010441560256602145,0.00010441560256602145
2016-12-19,-0.012307531161621421,-0.011125318347833368,-0.011020902745267347
2015-04-16,-0.01162971003256319,7.232586418104425e-05,-0.010948576881086303
2017-02-03,-0.009918319719953161,-0.0007608723413002894,-0.011709449222386592
2015-06-01,-0.007004792752936306,0.0030146734729723512,-0.00869477574941424
2015-11-09,-0.006843718079673322,-0.0029418512872640967,-0.011636627036678338
2015-11-23,-0.006818991399928587,0.0014696068058066558,-0.010167020230871682
2015-07-31,-0.006295525494276699,-0.003383919268320712,-0.013550939499192394
2015-05-26,-0.006010051292678953,-0.0039291576739882705,-0.017480097173180664
2020-07-06,-0.005863486017840924,-0.007830600217965111,-0.025310697391145776
2017-02-21,-0.005756148613291434,-0.0038891821565363305,-0.029199879547682106
2017-11-13,-0.005714285714285783,-0.0025090052755306624,-0.03170888482321277
2021-08-09,-0.005577689243028039,-0.0017692734674441546,-0.03347815829065692
2015-05-21,-0.0054695562435501666,0.00068168563183435,-0.03279647265882257
2015-06-29,-0.0054204820545207255,-0.00023943789889124822,-0.03303591055771382
2015-06-10,-0.005396343060722009,-0.00046326958515063854,-0.03349918014286446
2016-01-18,-0.005367259715734041,0.0008721433651288635,-0.032627036777735596
2016-01-14,-0.0053020167484268965,-0.0006362835977483661,-0.03326332037548396
2019-05-27,-0.0051719679337987046,0.0005623570148998169,-0.032700963360584145
2018-07-20,-0.005078509612893134,-0.0010388771244322914,-0.03373984048501644
2016-03-01,-0.005067737079779366,0.000490068888465256,-0.03324977159655118
2015-05-04,-0.005004596057603838,-0.0019006143846499457,-0.03515038598120113
2020-12-31,-0.004982713036404407,-0.00017480145630965893,-0.035325187437510785
2016-12-14,-0.00496098392847899,-0.011100546488697405,-0.04642573392620819
2020-04-30,-0.004933733191448408,-0.0011939898469383037,-0.047619723773146494
2015-08-11,-0.004916060875477246,-0.0017085979841061638,-0.04932832175725266
2020-05-15,-0.004844290657439521,0.0005681715154937095,-0.04876015024175895
2016-12-06,-0.004753629114700342,0.0017767693248973426,-0.046983380916861606
2020-03-10,-0.004667845911949686,-0.0028195672873584376,-0.04980294820422004
2016-01-25,-0.004640718562874291,-9.884547204852545e-06,-0.049812832751424896
2018-04-03,-0.004639010344459682,0.001117420685267101,-0.048695412066157795
2017-03-08,-0.004623791509037356,-0.0019101307131877965,-0.05060554277934559
2017-10-30,-0.004566455356183496,0.0007890716213667659,-0.049816471157978826
2020-05-18,-0.0045067353407288735,-0.002998974377264263,-0.05281544553524309
2020-06-01,-0.004448838358873108,-0.0016322526631800116,-0.0544476981984231
2017-11-07,-0.004407180479415351,0.000926834038465385,-0.053520864159957715
2016-01-04,-0.0044000000000000705,-0.0012990564825137163,-0.05481992064247143
2016-11-29,-0.004319437468608633,-0.0041189489680888425,-0.058938869610560274
2016-02-02,-0.004285429539565566,-0.0026881250993784356,-0.06162699470993871
2016-07-08,-0.004219199841159593,0.0005200801341991301,-0.06110691457573958
2020-03-02,-0.0041993972629811305,-0.0027847048410906128,-0.06389161941683019
2016-03-07,-0.004141832508333998,-0.0019170595742822316,-0.06580867899111242
2015-05-18,-0.004115226337448652,-0.0025714327817155658,-0.06838011177282799
2016-04-13,-0.004061982849405621,0.0008198791827294105,-0.06756023259009858
2017-03-01,-0.004022988505747227,-0.002707137996079023,-0.0702673705861776
2022-03-01,-0.003989030167040775,-0.0015777282437877682,-0.07184509882996537
2020-07-13,-0.003955776447915671,0.0027056695986358292,-0.06913942923132954
2015-08-19,-0.003873534338358464,0.0003541401608058159,-0.06878528907052373
2018-08-09,-0.0038678653564708787,0.00031182217226977116,-0.06847346689825395
2017-04-10,-0.0038621968175498456,-0.0007787820532922929,-0.06925224895154625
2020-03-17,-0.003861386138613865,-0.0032618678479907626,-0.07251411679953701
2020-12-11,-0.003845365053322225,-0.0011670551168524446,-0.07368117191638945
2017-05-22,-0.003808717731696998,-0.0008999951960140251,-0.07458116711240348
2017-06-20,-0.0037995107479309453,-0.0004816571159796945,-0.07506282422838317
2016-11-14,-0.0037507501500300133,0.000666709749255423,-0.07439611447912775
2017-10-27,-0.0037333333333334773,-0.004837357781927398,-0.07923347226105515
2021-01-11,-0.0037282941777324607,0.0016064388576917388,-0.07762703340336341
2019-01-14,-0.0037191766863664544,-0.0005449253884620697,-0.07817195879182548
2016-02-16,-0.003645625249700468,-0.0011074586698724964,-0.07927941746169798
2018-06-04,-0.0036392405063290223,0.0002119505626700935,-0.07906746689902788
2018-04-23,-0.003631196716135099,0.0011143985788888422,-0.07795306832013904
2021-01-26,-0.003616912888436241,-1.4522228279689742e-05,-0.07796759054841873
2017-12-08,-0.0036040882194728896,-0.00013909963924008117,-0.07810669018765881
2020-05-25,-0.003594288527818734,-0.0017161623498544998,-0.07982285253751331
2018-06-12,-0.003591422837224023,0.00024043392809480757,-0.0795824186094185
2017-07-31,-0.0035797009896822996,-0.0007311950715583881,-0.08031361368097689
2016-12-23,-0.0035622096024778838,-0.003855887862430185,-0.08416950154340708
2017-04-24,-0.0035531403490438596,9.231981252755261e-05,-0.08407718173087952
2018-12-13,-0.0035497479164522394,-0.0023195327605100013,-0.08639671449138953
2015-07-14,-0.003548504931378038,-0.00237703601415018,-0.0887737505055397
2015-07-16,-0.003497598663604218,0.001045478306325176,-0.08772827219921453
2017-10-25,-0.003455241335317938,-0.0019999788283417974,-0.08972825102755633
2021-12-07,-0.0034450047431224817,-0.0004288326452183133,-0.09015708367277464
2019-04-01,-0.0034288638689867756,-0.0022291538265919453,-0.09238623749936659
2015-06-19,-0.0034120734908137385,-0.0006565946274125212,-0.09304283212677911
2020-04-10,-0.003320474632550474,-0.0008411652854922735,-0.09388399741227138
2020-04-09,-0.0033154558751828933,0.0009989530056362383,-0.09288504440663514
2019-01-23,-0.0033114269702988475,-0.002189371338626289,-0.09507441574526143
2017-10-09,-0.0033100404560502117,-0.0008629067516081612,-0.09593732249686959
2015-04-20,-0.0032955715756951554,0.002494343721423542,-0.09344297877544605
2017-12-11,-0.003291248516240519,-0.001245710875727335,-0.09468868965117339
2018-07-06,-0.0032877570191003347,0.00035292850239043716,-0.09433576114878295
2016-07-04,-0.0032785256569469734,-0.0012869309213578983,-0.09562269207014085
2019-08-06,-0.003274229296796438,0.000224638562224877,-0.09539805350791597
2017-05-08,-0.003256302521008503,-0.010171354745780126,-0.1055694082536961
2018-01-15,-0.0032555615843734564,0.0017427267489964482,-0.10382668150469965
2017-05-04,-0.003189042241739881,-0.0017015164278928463,-0.1055281979325925
2019-02-25,-0.0031796502384738856,-0.0012594880617571302,-0.10678768599434962
2018-03-14,-0.003177680831582763,0.0006689921275522259,-0.1061186938667974
2018-03-13,-0.0031734079173836305,0.0011328166136981288,-0.10498587725309927
2015-08-10,-0.0031272803085584666,-0.0011241989038014433,-0.10611007615690071
2017-01-10,-0.0031173344235487788,-0.0020504760340424033,-0.10816055219094312
2021-01-08,-0.0031089139187605586,-3.45323009983689e-05,-0.10819508449194148
2018-10-08,-0.0030584264923009252,0.00012858930642156707,-0.10806649518551992
2018-10-19,-0.003035060177917215,-0.0013108368681274962,-0.10937733205364741
2022-11-29,-0.00301795684321704,0.002199388919985612,-0.1071779431336618
2021-10-08,-0.0030078203328653963,-0.0019570994041382406,-0.10913504253780004
2022-11-28,-0.0030031533109763364,-0.002703211114640003,-0.11183825365244005
2020-08-11,-0.002972441936621717,0.0012567469370146078,-0.11058150671542544
2022-07-04,-0.0029531007557934696,-0.00041750460274758705,-0.11099901131817302
2019-10-11,-0.0029527057985033744,-0.0012875692298567332,-0.11228658054802976
2015-06-23,-0.002950629643289737,0.00023385341014270367,-0.11205272713788705
2022-11-25,-0.0029454345764066137,4.489784244166017e-06,-0.11204823735364289
2022-11-11,-0.0029032575533903815,-0.00431408519889942,-0.11636232255254231
2018-03-08,-0.0028991731987543234,-0.0002055143742401011,-0.11656783692678241
2019-10-28,-0.0028688524590162467,-0.00012465045933685026,-0.11669248738611926
2019-05-21,-0.0028400289166580217,-0.0007301453592458707,-0.11742263274536513
2021-03-15,-0.002838416679568745,0.0006813270220598078,-0.11674130572330532
2015-08-25,-0.002813965607087132,0.001783381257001615,-0.11495792446630371
2016-10-31,-0.002807881773399079,-0.001365266309175217,-0.11632319077547892
2019-04-24,-0.0028022833419821813,-0.0016710898934754193,-0.11799428066895434
2015-07-02,-0.0027997886951928175,0.0009512736497199192,-0.11704300701923442
2015-09-22,-0.0027996681874740137,0.000877436685647881,-0.11616557033358654
2015-05-29,-0.0027871266302060826,6.971199650496196e-05,-0.11609585833708158
2020-04-17,-0.0027779131536626034,-0.0009491772417256072,-0.11704503557880719
2019-12-17,-0.002763137696361939,3.5205703010632305e-06,-0.11704151500850613
2018-07-03,-0.0027555370697724957,-0.0015695683134051563,-0.11861108332191128
2016-01-07,-0.0027476644851874843,0.0008251078007595058,-0.11778597552115178
2015-08-12,-0.0027333894028596095,0.005372835465057069,-0.11241314005609471
2018-06-20,-0.0027239392352017555,-0.0005786601318653606,-0.11299180018796007
2021-02-26,-0.0026888670562076333,0.0007115660360133003,-0.11228023415194677
2022-04-18,-0.0026871019108281047,0.00016642058691962447,-0.11211381356502714
2019-04-04,-0.0026867830939339976,-0.0024696112411252136,-0.11458342480615236
2020-06-02,-0.002681764004767606,-0.0032912191319887096,-0.11787464393814107
2015-06-17,-0.002681388012618302,0.00037514067775412663,-0.11749950326038694
2019-10-30,-0.002668034889687032,0.0017969454442221533,-0.11570255781616479
2016-05-16,-0.00266733769501748,-0.0012657935785256313,-0.11696835139469042
2022-06-27,-0.00264999999999993,0.00019156336568770804,-0.11677678802900271
2019-10-18,-0.002645098936873813,-0.0004947541496772567,-0.11727154217867997
2020-07-31,-0.002624804401595293,-0.0028852421779046455,-0.12015678435658461
2017-07-18,-0.002623294858342007,0.0008381566007913399,-0.11931862775579327
2021-02-08,-0.0026206258671190863,0.0013343842592401511,-0.11798424349655312
2017-01-03,-0.002618204219929088,0.0009538682919412178,-0.1170303752046119
2020-02-10,-0.0026159921026653876,-0.0012745379886802688,-0.11830491319329217
2021-07-15,-0.0026130653266331905,-7.581315898030905e-05,-0.11838072635227248
2021-02-03,-0.0026113671274962114,-0.00045512600905195377,-0.11883585236132443
2020-06-18,-0.0025900283906959976,0.000296442754769366,-0.11853940960655507
2019-02-26,-0.0025725457913152727,0.0006794530601461624,-0.1178599565464089
2020-09-02,-0.0025559758715877345,-0.0001610459118952523,-0.11802100245830416
2022-03-09,-0.0025544703230653276,0.0022773659336225993,-0.11574363652468156
2017-05-26,-0.0025449339907747115,0.003120053425491376,-0.11262358309919018
2017-11-27,-0.0025387565494515707,0.0004616178151246597,-0.11216196528406552
2016-12-27,-0.002536100615910142,-0.004455428540585449,-0.11661739382465097
2015-11-03,-0.0025298522566280512,-0.00023174766416356185,-0.11684914148881453
2018-11-30,-0.0025277276244518587,-0.0023794375813604995,-0.11922857907017503
2018-05-31,-0.002524322902971221,-0.0010211081710783665,-0.1202496872412534
2019-03-18,-0.002509731612374555,-4.3036233761895026e-05,-0.1202927234750153
2020-06-10,-0.002496380248639296,0.0022552520887340055,-0.11803747138628129
2019-07-05,-0.0024946543121880937,-0.0007959235406147513,-0.11883339492689604
2017-03-23,-0.002484472049689379,0.0019573444190714717,-0.11687605050782457
2017-04-14,-0.002476780185758698,-0.003385145283930968,-0.12026119579175554
2019-06-11,-0.0024650780608052036,-0.0010597119363201513,-0.12132090772807569
2017-09-18,-0.0024638288949463405,-0.0010302819151163378,-0.12235118964319203
2021-02-04,-0.0024633069896338178,-0.0008398756750158665,-0.12319106531820789
2022-11-04,-0.0024630541871921707,0.0017843071495955432,-0.12140675816861235
2021-08-13,-0.002449755024497624,-0.002660993147766688,-0.12406775131637904
2020-11-09,-0.0024482301336327117,-0.0015679585855010725,-0.1256357099018801
2017-04-28,-0.002446769743349564,-0.00027427231930043927,-0.12590998222118055
2019-10-10,-0.0024372905453439175,-0.0012157452626901932,-0.12712572748387074
2015-03-26,-0.0024268084886661656,-0.002692626346313176,-0.12981835383018392
2018-05-07,-0.0024264162886380447,-0.0028037251777237593,-0.13262207900790768
2015-04-24,-0.0024171981073852766,6.867660188158986e-05,-0.1325534024060261
2020-03-27,-0.0024057344854674367,-0.0018954869267622243,-0.1344488893327883
2015-08-13,-0.0024054803116664303,0.0007412290739419181,-0.1337076602588464
2020-02-20,-0.002398920485781386,0.0017871032448699697,-0.13192055701397642
2015-07-30,-0.0023925933631540053,0.0007763093119248499,-0.13114424770205158
2019-01-09,-0.0023894255210979987,0.0010637105498805255,-0.13008053715217105
2018-02-14,-0.002389356502850881,-0.0013624788268323806,-0.13144301597900343
2015-10-16,-0.002386998476383906,-0.0018158917756911919,-0.13325890775469462
2018-04-25,-0.002370916754478536,-0.0017959540603295077,-0.13505486181502413
2019-02-22,-0.0023542658273195682,-0.00035093473920289053,-0.13540579655422702
2017-06-21,-0.0023486430062629182,-0.001889486010412833,-0.13729528256463985
2019-11-12,-0.002346100882337776,-0.00011929591567461095,-0.13741457848031446
2021-02-10,-0.0023223409196472256,-0.0021776289648851588,-0.13959220744519962
2016-03-14,-0.002307152171732385,0.0007782879261630793,-0.13881391951903654
2015-05-28,-0.0023000522739154983,-0.004361130745344055,-0.1431750502643806
2018-11-01,-0.0022952529994781923,-0.00027609084779545157,-0.14345114111217605
2022-05-31,-0.0022848060398352743,0.0009244124044276436,-0.1425267287077484
2015-09-11,-0.002280265339966725,0.0004262337614204803,-0.14210049494632793
2018-05-02,-0.0022729675441378605,0.00048096025655808283,-0.14161953468976984
2016-03-10,-0.0022658610271902857,0.0021574842350466916,-0.13946205045472315
2020-07-29,-0.002261079288513823,-0.0019982640126797735,-0.14146031446740293
2017-01-06,-0.002255253716043071,-0.00226804955703952,-0.14372836402444245
2015-11-18,-0.00224466891133579,-0.0022205552255845085,-0.14594891925002695
2018-10-30,-0.0022437904404090103,0.0006429491000179421,-0.145305970150009
2018-03-29,-0.002239641657334923,0.0008811265156452031,-0.1444248436343638
2017-06-02,-0.002215423567887176,0.0017504573615321206,-0.1426743862728317
2016-03-17,-0.0021999999999999797,-0.0016245086379782503,-0.14429889491080994
2022-06-20,-0.0021928731622228304,-0.00028863699328285364,-0.1445875319040928
2019-01-04,-0.0021871820956255172,-0.00258633674556219,-0.14717386864965498
2022-02-07,-0.0021732687938357254,0.00048345849814479536,-0.1466904101515102
2017-05-17,-0.002172530733361544,0.005532025666427742,-0.14115838448508244
2022-01-24,-0.002166207168176393,0.0007944426615709155,-0.14036394182351153
2019-05-31,-0.0021651716671821086,0.002068149803187813,-0.13829579202032372
2017-08-17,-0.0021583491261318866,0.0017145620443732579,-0.13658122997595046
2020-12-09,-0.002152080344332896,0.0011276645348736736,-0.13545356544107678
2020-11-13,-0.0021472392638035576,0.0012548442985271802,-0.1341987211425496
2019-10-21,-0.002141873629455948,-0.0010699573999850553,-0.13526867854253466
2015-03-31,-0.002139874739039649,0.0005484819804535412,-0.13472019656208112
2020-02-25,-0.0021373894025251694,0.0007750352264399574,-0.13394516133564116
2021-06-04,-0.002136317395727283,-0.0021284408257330467,-0.1360736021613742
2016-08-30,-0.0021305058712780545,-0.0009600903973782104,-0.13703369255875242
2018-02-22,-0.0021238359745138213,2.4165150256605372e-05,-0.1370095274084958
2022-08-22,-0.0021147887670291965,-6.34938890125003e-05,-0.1370730212975083
2016-02-22,-0.002105896510228633,0.0005585127737657292,-0.13651450852374258
2016-11-15,-0.002105896510228633,0.001763578343073835,-0.13475093018066875
2017-09-29,-0.0020986358866734722,-5.944999080598201e-05,-0.13481038017147473
2017-12-07,-0.002095872742906346,0.0002662546708243063,-0.13454412550065042
2018-01-02,-0.00209294837394014,-0.004143855900766158,-0.13868798140141658
2018-07-09,-0.0020924879681942787,-0.0006027929033113333,-0.13929077430472792
2018-07-30,-0.0020920502092048876,0.0018726076185207052,-0.1374181666862072
2021-08-03,-0.0020899681528663283,-0.0005041089569525203,-0.13792227564315973
2015-04-03,-0.002076519752894024,-0.0013291801270234327,-0.13925145577018316
2015-03-25,-0.002061430632859129,-0.0010573823339781185,-0.14030883810416128
2021-03-11,-0.002058248430585663,-0.0005896116512743577,-0.14089844975543564
2018-09-07,-0.0020580474934036586,-0.00018778272022357267,-0.1410862324756592
2020-04-02,-0.0020568070519098036,-0.0016683812183114766,-0.1427546136939707
2019-06-24,-0.002051702913418274,-0.0007555902953392257,-0.14351020398930991
2016-04-05,-0.0020515386539903258,-0.001476486083846984,-0.1449866900731569
2018-05-30,-0.002045311516677195,-0.0016617917239333257,-0.14664848179709022
2019-01-03,-0.0020360378703045967,0.0016096482270810952,-0.14503883357000913
2022-11-14,-0.002035345512311326,-0.0014262570549647968,-0.14646509062497393
2015-11-06,-0.0020266504534630636,-0.006373143890764932,-0.15283823451573886
2016-11-08,-0.002024291497975783,-0.007148323248830968,-0.15998655776456983
2019-08-21,-0.0020229606028423497,-0.0007726050544666352,-0.16075916281903646
2016-05-18,-0.0020215292869055768,-0.0014704966516652096,-0.16222965947070167
2015-09-07,-0.002018633540372683,-0.0013677055702918661,-0.16359736504099354
2019-08-30,-0.002017959842599004,-0.00015590647343888264,-0.16375327151443242
2018-05-14,-0.002017841971112877,-0.0011137478725514738,-0.1648670193869839
2016-05-26,-0.002014910336490261,-0.00044103283819807437,-0.16530805222518197
2017-05-16,-0.0020115398867185386,0.0003320774652117997,-0.16497597475997017
2017-08-24,-0.0020048538567055685,-3.496381245415847e-05,-0.16501093857242433
2017-03-28,-0.0020020533880905633,-0.003076503120155172,-0.1680874416925795
2017-11-21,-0.002001081665765292,-0.0017355604404875047,-0.169823002133067
2021-12-16,-0.0019987008444510845,0.0005457805076503064,-0.1692772216254167
2018-03-02,-0.0019959003128708908,0.00041839844993729614,-0.1688588231754794
2019-03-14,-0.00199427285743492,-0.0015087998265331803,-0.17036762300201258
2016-07-12,-0.0019910403185664505,-0.0011194584770678473,-0.17148708147908043
2019-07-24,-0.001983622399674756,-8.486442907629232e-06,-0.17149556792198806
2016-08-29,-0.001979120281035085,-0.0003171884718659035,-0.17181275639385396
2016-08-23,-0.001973943939991951,-0.0036566653404900284,-0.175469421734344
2018-05-17,-0.0019649495485928314,-0.0013325963301940025,-0.176802018064538
2019-05-06,-0.0019589648417361882,-0.0009890636863770785,-0.17779108175091507
2016-03-21,-0.0019578313253011403,-0.00024810144943676615,-0.17803918320035184
2015-03-24,-0.001956040562104411,0.000794281175536149,-0.1772449020248157
2018-02-12,-0.0019550342130986165,0.0017589622569802454,-0.17548593976783544
2017-06-06,-0.0019474709195220763,-0.0013404211285366063,-0.17682636089637205
2021-04-26,-0.0019437340153451999,0.0006087359119999469,-0.1762176249843721
2022-05-19,-0.0019412643106021532,-0.00045880946819254476,-0.17667643445256465
2017-07-25,-0.0019405255152881162,-0.0016233541853688527,-0.1782997886379335
2019-01-30,-0.0019387755102040494,0.0014208006384548444,-0.17687898799947865
2019-11-25,-0.0019369966357426494,-0.00017743114735657706,-0.17705641914683523
2017-06-13,-0.0019355513705794358,-0.0003974022191928217,-0.17745382136602805
2019-08-19,-0.0019201616978273828,0.0001419738033276996,-0.17731184756270035
2016-03-03,-0.0019174487839339616,-0.00048032301011902145,-0.17779217057281937
2021-03-18,-0.00190908621846142,0.0007105469101031936,-0.17708162366271618
2018-09-11,-0.001906678671680484,-0.0020136437004967256,-0.1790952673632129
2015-03-23,-0.0019053504299912927,0.0014240149489352927,-0.17767125241427761
2015-10-08,-0.0019024114350352228,0.0005658436213991092,-0.1771054087928785
2018-09-10,-0.0019022457067370269,-0.0005992549260988023,-0.1777046637189773
2015-05-06,-0.001898994046397151,-0.0017993311876842721,-0.17950399490666158
2016-01-20,-0.001897533206830948,0.0016478346288031354,-0.17785616027785844
2022-04-11,-0.0018848271415109474,0.0002194444329433054,-0.17763671584491514
2015-11-27,-0.001870009097341585,-0.0006947435485040732,-0.1783314593934192
2019-04-29,-0.0018672199170126635,0.0007538824684700796,-0.17757757692494913
2015-12-16,-0.0018670838169247972,0.002033675647681532,-0.1755439012772676
2018-03-28,-0.001862296477599168,-0.0007126017827056019,-0.1762565030599732
2021-10-11,-0.0018615415576574978,-0.0010263530638972007,-0.1772828561238704
2021-08-26,-0.0018503700740148954,-7.075097236164396e-05,-0.17735360709623205
2019-06-26,-0.0018476698829809068,-0.0004249464628585109,-0.17777855355909056
2020-08-25,-0.0018343949044585806,-0.00030850014284267147,-0.17808705370193323
2020-09-29,-0.0018317814074187977,8.756572025259146e-07,-0.1780861780447307
2022-08-25,-0.0018239179729864219,-7.784237137753447e-05,-0.17816402041610824
2022-08-19,-0.001819433516915936,0.0011079097611936817,-0.17705611065491456
2021-04-06,-0.0017967145790555028,-0.0005022028442943638,-0.17755831349920892
2015-07-01,-0.0017928707023833201,-0.00010564124234091476,-0.17766395474154983
2020-02-11,-0.0017814726840857942,-0.002672987580626063,-0.1803369423221759
2016-07-29,-0.0017790956263900037,0.00017978938430429636,-0.1801571529378716
2016-11-07,-0.0017738359201772136,-0.0006541833666915409,-0.18081133630456314
2017-05-19,-0.0017432646592711043,-9.527712128798438e-05,-0.18090661342585113
2021-04-22,-0.0017361111111111605,-0.0001777092781325429,-0.18108432270398367
2018-07-12,-0.001722518008142937,0.0005588048909550558,-0.1805255178130286
2016-06-02,-0.0017163915391993356,-1.869117287101041e-05,-0.18054420898589962
2016-04-25,-0.001711897688938313,-0.00025349282963949005,-0.1807977018155391
2020-01-22,-0.0017108639863131492,0.0008589250976285268,-0.1799387767179106
2017-08-07,-0.0016913319238900382,-0.002028536316991514,-0.1819673130349021
2020-09-14,-0.0016878068739771823,0.0007543224450636821,-0.18121299058983842
2020-11-11,-0.0016835875720625504,-0.0008115900745394589,-0.18202458066437788
2022-01-26,-0.0016766112727452098,-0.0012474705108952433,-0.18327205117527312
2015-03-27,-0.001661474558670717,-0.0024506495259655203,-0.18572270070123864
2020-07-27,-0.0016511558090664957,-0.0016284043968097794,-0.18735110509804842
2019-06-18,-0.0016392602837970172,-0.0005979445880595069,-0.18794904968610793
2017-01-25,-0.0016390842277796969,0.001228476078098284,-0.18672057360800964
2020-10-13,-0.001638840520331919,-0.000230715908823953,-0.1869512895168336
2016-09-12,-0.0016377171215881114,0.00018840971920108807,-0.1867628797976325
2020-02-14,-0.0016359309934563804,-0.007706875050060957,-0.19446975484769347
2018-09-04,-0.0016326960551956704,0.0005270686330982599,-0.1939426862145952
2016-10-12,-0.0016273794259787921,-8.369630566373853e-05,-0.19402638252025894
2021-05-24,-0.0016225534935605523,-0.00016604208995329994,-0.19419242461021224
2016-11-25,-0.0016053780163549636,0.0007812861477041189,-0.19341113846250813
2020-11-18,-0.0015921931176167137,-0.0025723336421205056,-0.19598347210462863
2018-06-07,-0.001588394133531068,0.001221369880092693,-0.19476210222453594
2015-06-15,-0.0015864621893176833,-0.0015368767216118462,-0.19629897894614778
2018-05-23,-0.001584367573277068,0.0016637057939803412,-0.19463527315216744
2016-07-27,-0.001583923179725777,0.0001857435413512576,-0.19444952961081619
2019-12-02,-0.0015837335240627137,-0.0008904240473908143,-0.195339953658207
2021-06-09,-0.001583571720473964,0.0010701787548352826,-0.19426977490337172
2021-01-28,-0.0015832482124618075,-0.0005514795543479778,-0.1948212544577197
2020-09-01,-0.0015809067265031285,-0.0017022394018791909,-0.19652349385959889
2018-05-28,-0.0015781167806416807,-0.001191901551370278,-0.19771539541096916
2015-06-04,-0.0015777847901545794,0.0005316262641317238,-0.19718376914683744
2021-07-05,-0.0015747231535102602,0.00049341940362857,-0.19669034974320887
2018-01-04,-0.0015679065743945397,0.0005680558818337289,-0.19612229386137514
2015-10-29,-0.001563287947554337,-0.005466901462201967,-0.2015891953235771
2021-03-04,-0.0015499070055795539,-0.0005557804926508148,-0.20214497581622792
2022-06-15,-0.001545209849466711,0.0008579718194010599,-0.20128700399682686
2022-02-11,-0.0015384615384614886,0.0006369170498250476,-0.20065008694700182
2021-06-11,-0.0015324887617489402,-0.0007015990648369108,-0.20135168601183873
2020-01-02,-0.0015292078703232903,0.0003109185885703525,-0.20104076742326837
2018-02-13,-0.0015196743554952707,0.00037103571557683956,-0.20066973170769153
2020-07-08,-0.0015166068449522507,-0.003774553112162349,-0.20444428481985388
2020-08-17,-0.0015052684395384652,-0.0006282217804641776,-0.20507250660031806
2015-09-14,-0.0015041493775934667,0.0009449044432303655,-0.2041276021570877
2016-11-11,-0.0014988758431176974,0.0001185225961359837,-0.2040090795609517
2022-04-19,-0.0014953643704516129,-0.0008961812495729138,-0.20490526081052463
2020-02-26,-0.001491795126802531,0.0013123486229011938,-0.20359291218762343
2016-12-12,-0.0014887827917243746,-0.005831473318603009,-0.20942438550622644
2021-03-26,-0.001486874487284684,-0.00026827412782770566,-0.20969265963405415
2019-02-21,-0.0014856557377048718,0.0023200728572738694,-0.20737258677678028
2017-08-09,-0.001482815230630874,0.001216289579686558,-0.20615629719709372
2017-10-16,-0.001482579688658392,-0.0011454293350482425,-0.20730172653214196
2019-03-29,-0.0014795918367348504,-0.0020618218607091343,-0.2093635483928511
2020-10-23,-0.0014789127441480199,-0.0008882477476573891,-0.21025179614050848
2017-08-15,-0.001473063973064126,-0.0005338511405189594,-0.21078564728102744
2017-01-23,-0.001461530431151603,0.0007295135252642915,-0.21005613375576315
2016-11-24,-0.0014536340852130403,6.294774308979179e-05,-0.20999318601267336
2022-09-23,-0.0014301213137389857,-0.0015387017088205335,-0.2115318877214939
2019-12-04,-0.0014293006636040273,-0.0002703659626650534,-0.21180225368415895
2018-05-24,-0.0014242759930367388,-0.000914578854400272,-0.21271683253855922
2015-06-24,-0.0014225500526872104,-0.0006458160346896058,-0.21336264857324883
2020-05-07,-0.0014144961467174033,-0.002270009031218767,-0.2156326576044676
2018-11-02,-0.001410510918399277,-0.0015549011464769391,-0.21718755875094453
2016-05-25,-0.001409798096772663,-9.258840896808618e-05,-0.21728014715991262
2015-09-17,-0.0013995438523739523,0.0002783320831976077,-0.217001815076715
2016-01-13,-0.001388819999008195,0.0017934903012715164,-0.2152083247754435
2018-04-10,-0.0013866666666666472,-0.002855756261510578,-0.21806408103695407
2019-06-10,-0.0013853258081067965,0.0001527625445725267,-0.21791131849238154
2018-04-17,-0.001377556426830684,0.008491770695723933,-0.2094195477966576
2022-08-16,-0.0013714733542320445,-0.0052280020689539075,-0.21464754986561152
2021-05-25,-0.001371393742381266,0.001651490065482264,-0.21299605980012926
2019-10-09,-0.0013697240259741283,2.165746955884451e-05,-0.2129744023305704
2017-09-27,-0.0013658331582266925,0.0012983034151885509,-0.21167609891538186
2016-05-11,-0.0013600644771307735,0.00041467403520467627,-0.21126142488017718
2021-07-22,-0.0013550135501354532,0.0006653401720857488,-0.21059608470809144
2016-02-19,-0.0013508104862918202,-0.0011016371939932545,-0.2116977219020847
2021-08-20,-0.001348247278537773,-0.0009313472360312769,-0.21262906913811597
2020-12-02,-0.0013347707787872976,8.644555897552308e-05,-0.21254262357914044
2019-11-01,-0.0013322402131583644,-0.0013040523116177871,-0.21384667589075823
2022-01-25,-0.0013301147839795968,-0.0005916695941270422,-0.21443834548488527
2017-09-05,-0.0013203760430969824,7.970549351421496e-06,-0.21443037493553385
2015-11-25,-0.0013185921493052977,0.001036066855634843,-0.213394308079899
2017-07-28,-0.0013152356902358386,0.0001600533051007158,-0.2132342547747983
2020-06-03,-0.0012972757209857022,0.0003955382080076397,-0.21283871656679065
2020-07-02,-0.0012961762799742482,-0.0012092099751410679,-0.21404792654193172
2017-11-30,-0.00129233751548119,0.000677599934160833,-0.2133703266077709
2022-07-28,-0.0012895546076778786,0.0024122749732673476,-0.21095805163450354
2020-03-05,-0.0012852199703411449,0.002142635293216788,-0.20881541634128675
2022-01-28,-0.0012845849802373133,0.0013723862835290923,-0.20744303005775766
2016-08-19,-0.00128230420201203,-0.0020341575586225735,-0.20947718761638023
2019-11-20,-0.001272912423625261,1.499178858854755e-05,-0.2094621958277917
2019-09-17,-0.0012658227848101333,-0.0016103844449139038,-0.2110725802727056
2019-08-13,-0.0012574820180071278,-0.00509080489700775,-0.21616338516971334
2022-03-03,-0.0012515644555695093,-0.0005956597905837357,-0.21675904496029708
2021-12-03,-0.0012509382036527406,0.0033373145158581696,-0.2134217304444389
2018-11-12,-0.0012492192379763845,0.001109393566568917,-0.21231233687787
2022-03-22,-0.0012473182657287696,-0.0002015413844732583,-0.21251387826234325
2022-06-01,-0.001242791807516297,-0.0003480718800683569,-0.2128619501424116
2022-01-05,-0.0012413108242305126,-0.000788058985301987,-0.2136500091277136
2016-09-05,-0.0012410027302058868,0.0003858784893269185,-0.21326413063838667
2022-10-11,-0.001238052790570987,-0.000519714495358814,-0.2137838451337455
2020-12-07,-0.0012326656394451296,0.0012952981579377187,-0.21248854697580777
2017-10-26,-0.001228370006408963,0.0022761319743755948,-0.21021241500143217
2020-11-16,-0.001227747084100561,-4.88595970349337e-07,-0.21021290359740252
2018-10-22,-0.0012082370245851681,-0.0007576372462904102,-0.21097054084369293
2020-02-04,-0.0011885306789481964,-0.002202151535094843,-0.21317269237878778
2016-10-17,-0.0011825572801180684,0.0003855463961019989,-0.21278714598268578
2022-08-30,-0.0011814512159099566,0.00026466636620958717,-0.2125224796164762
2020-12-17,-0.0011811225799824854,-0.0007396801402033137,-0.2132621597566795
2021-04-15,-0.0011758691206543714,-0.0004986267010785861,-0.2137607864577581
2020-07-21,-0.0011558369767326049,-0.0015228959462143532,-0.21528368240397244
2016-04-14,-0.0011556046827112532,-0.001527267126803622,-0.21681094953077606
2017-09-20,-0.0011552194917034964,-0.0005850807897891386,-0.2173960303205652
2017-07-03,-0.0011541286328823341,-0.004069420669754575,-0.22146545099031978
2022-04-22,-0.0011475328044704414,0.0005337045010957997,-0.22093174648922398
2021-09-07,-0.001147475553781585,-0.0020421097583540604,-0.22297385624757804
2015-07-10,-0.0011458333333334014,-0.0005539444100493007,-0.22352780065762734
2021-12-28,-0.0011437095972153255,0.0011058893581408213,-0.22242191129948652
2018-07-16,-0.0011434511434511574,-0.0006132171981410028,-0.22303512849762752
2020-06-12,-0.0011420059582918363,0.0022921113744043264,-0.2207430171232232
2022-05-30,-0.001140929609603769,-0.0005630277303633191,-0.22130604485358651
2016-07-25,-0.0011397423191280565,-0.0007837191728412574,-0.22208976402642777
2020-04-08,-0.0011236503981629786,0.0020917387608747617,-0.219998025265553
2016-04-27,-0.0011065841758463035,0.0007156176646612167,-0.2192824076008918
2016-04-07,-0.0011046394858406083,-0.00022358859698146105,-0.21950599619787325
2015-07-21,-0.0010971786833856578,-0.0005753438987393666,-0.22008134009661262
2015-12-25,-0.0010968192242497565,0.0006177929110640079,-0.2194635471855486
2021-08-06,-0.0010950721752116532,-7.180804703976751e-05,-0.21953535523258838
2016-08-01,-0.0010881392818280489,-0.001351560617801062,-0.22088691585038944
2020-12-01,-0.0010758196721311064,-0.0013757696838424538,-0.2222626855342319
2020-11-17,-0.0010754890914677073,-0.0019890725845044255,-0.22425175811873632
2019-10-25,-0.0010733452593918447,-0.0018843634108565155,-0.22613612152959284
2017-12-25,-0.0010728462611305778,-0.0008245274091884802,-0.22696064893878132
2017-06-08,-0.0010532968190435366,0.00032312225011765783,-0.22663752668866366
2022-04-27,-0.0010477996207962637,-0.0003102965629380172,-0.22694782325160168
2017-05-03,-0.001045423657937472,0.0008100246599362926,-0.22613779859166538
2020-09-07,-0.0010245376773732051,0.001319347040699137,-0.22481845155096625
2019-08-02,-0.0010125556905631328,6.320294335226961e-05,-0.22475524860761398
2016-05-23,-0.001009183570491512,0.0008420621165610154,-0.22391318649105296
2021-08-11,-0.0010010010010012005,0.000604767730261413,-0.22330841876079155
2022-04-28,-0.000998701687805803,0.0002661920885187463,-0.2230422266722728
2016-01-19,-0.0009970586769030287,-0.0014312975155619245,-0.22447352418783473
2021-11-29,-0.000996710854181182,-0.001318429559172385,-0.2257919537470071
2017-06-27,-0.0009916492693108347,-0.0018496776115309865,-0.2276416313585381
2022-09-28,-0.0009908838684107302,0.0008992140523329528,-0.22674241730620515
2016-09-27,-0.000987264290650658,6.511049316126893e-05,-0.22667730681304388
2019-08-16,-0.000959644426486328,0.0007675334137766665,-0.2259097733992672
2016-06-15,-0.0009550138225684623,0.000540974504419367,-0.22536879889484784
2020-06-30,-0.0009486244944828526,0.0017664815611897478,-0.2236023173336581
2020-07-03,-0.0009484824281148496,-0.0030871001906644935,-0.2266894175243226
2022-01-19,-0.000937114673242867,-0.0009697128560215429,-0.22765913038034413
2016-10-28,-0.0009360528130848422,0.000700711573083046,-0.2269584188072611
2022-09-22,-0.0009356379573546292,-0.0009498579419567887,-0.22790827674921788
2019-05-09,-0.0009280742459395475,-0.00021606438244115012,-0.22812434113165903
2021-04-01,-0.0009234557767286988,-5.99783301813428e-06,-0.22813033896467716
2016-12-30,-0.000921093030395892,-0.0026844575244248103,-0.23081479648910197
2020-12-24,-0.0009209516500382486,0.00026954759588515564,-0.23054524889321681
2019-03-11,-0.0009196811771919888,-0.0020260331886894356,-0.23257128208190625
2019-07-30,-0.0009177118384825489,0.0015792436423214262,-0.23099203843958482
2019-07-29,-0.0009163103237629366,-0.0006168457472104372,-0.23160888418679526
2021-10-20,-0.0009086320040382345,0.00030750951890601286,-0.23130137466788925
2017-02-15,-0.0009010441511634326,0.0005781203127450674,-0.23072325435514418
2022-05-06,-0.0008962358095996326,0.0015133413338810353,-0.22920991302126315
2016-07-11,-0.0008947656211162336,-0.0005675875564492561,-0.2297775005777124
2021-08-02,-0.0008946322067593382,-0.00019107563915565784,-0.22996857621686806
2022-08-18,-0.0008848687444694692,-0.00021805412167197336,-0.23018663033854003
2018-01-26,-0.0008700853771274053,-0.0005398610825149142,-0.23072649142105495
2019-07-17,-0.0008667278474557838,0.0012799121372626399,-0.2294465792837923
2019-12-25,-0.0008667278474556728,0.001028922935002674,-0.22841765634878963
2021-05-13,-0.0008657126852371633,0.0014096136716563734,-0.22700804267713326
2018-09-19,-0.0008479966080137125,-0.0015923132073252244,-0.22860035588445848
2017-02-10,-0.0008466504391998475,-0.0013552889714888439,-0.22995564485594733
2022-05-10,-0.00084421711277749,-0.00021097194593400204,-0.23016661680188133
2022-05-17,-0.0008441332737472163,-0.004696672806700053,-0.23486328960858138
2018-10-12,-0.0008409986859395646,0.00032080044953985976,-0.23454248915904152
2016-09-28,-0.0008398379606757711,0.000154319764538835,-0.2343881693945027
2015-08-18,-0.0008383547288446369,0.0014453139626315892,-0.2329428554318711
2022-09-07,-0.0008356272119542929,-0.0016509925906696976,-0.2345938480225408
2018-11-14,-0.000829445308449861,0.0004741691640430812,-0.23411967885849772
2019-05-24,-0.0008259343382202022,-0.0013464878331875818,-0.2354661666916853
2019-12-09,-0.0008192524321557482,0.0010273827557443216,-0.23443878393594098
2021-04-14,-0.0008182050626439619,0.0006564518990010981,-0.23378233203693988
2019-10-23,-0.0008178704697643369,0.0012692117488568577,-0.23251312028808302
2021-06-08,-0.0008171186354118953,0.0002993925785184093,-0.2322137277095646
2019-11-22,-0.0008153281695884029,-0.00013601074215818798,-0.2323497384517228
2019-09-20,-0.0008124714365510544,0.0011731434950377206,-0.23117659495668508
2015-12-07,-0.0008092251669026274,0.0021230749730654086,-0.22905351998361967
2022-06-28,-0.0008009611533840166,-0.00057812871684082,-0.2296316487004605
2021-11-09,-0.000800080008000692,0.002043677408303468,-0.22758797129215702
2017-08-21,-0.0007906388361795802,-4.013516895340352e-05,-0.22762810646111042
2022-01-20,-0.0007900844402745077,0.0010407748889027513,-0.22658733157220767
2022-11-07,-0.0007883715200787123,-0.0007674947109069796,-0.22735482628311465
2017-09-26,-0.0007877323810523418,5.6974618177552117e-05,-0.2272978516649371
2016-10-24,-0.0007851219392511766,-0.0024137110181029486,-0.22971156268304005
2019-01-28,-0.0007684426229507269,0.002329346014467104,-0.22738221666857295
2021-02-02,-0.0007667927614763981,-0.0007933162594422338,-0.22817553292801518
2020-01-08,-0.0007643701589890028,-0.00017298287204370322,-0.22834851580005888
2020-01-07,-0.0007643312101911492,0.0003262376641384179,-0.22802227813592046
2021-05-12,-0.0007632034191511483,-0.0006162519673555966,-0.22863853010327606
2016-03-28,-0.0007521058965102023,-0.0007501119998774008,-0.22938864210315346
2017-12-26,-0.0007519200816370475,-0.001044233035137676,-0.23043287513829114
2021-12-02,-0.0007493630414147079,-0.001071447576786122,-0.23150432271507726
2018-09-20,-0.00074369189907042,-0.00170082699227192,-0.23320514970734918
2017-08-30,-0.0007395668251454213,0.0007775890264845042,-0.23242756068086468
2018-07-04,-0.0007306889352818313,0.0018915489875486191,-0.23053601169331606
2020-11-19,-0.0007216494845361243,-0.001789868933157912,-0.23232588062647397
2020-01-14,-0.000711093051604994,0.0009569578328496586,-0.2313689227936243
2021-05-27,-0.0007105877575883657,-0.0013389343212274474,-0.23270785711485176
2018-01-18,-0.0007088331515812119,-0.0017805566237776294,-0.2344884137386294
2016-11-16,-0.000701402805611151,-0.001827791379577448,-0.23631620511820683
2017-12-21,-0.0007002046752127011,0.0013238939994331123,-0.23499231111877372
2021-11-10,-0.000698637656569634,-0.0024590599530733837,-0.2374513710718471
2022-01-06,-0.0006965520672670422,-0.0008883814993746464,-0.23833975257122175
2018-12-06,-0.000668861905742113,-7.876504905457438e-05,-0.23841851762027633
2019-10-24,-0.0006642141835273563,0.00030341051862237123,-0.23811510710165396
2019-03-27,-0.0006626229675313899,-0.00013137821801012528,-0.23824648531966408
2021-06-25,-0.0006611065907239366,0.00016323910325266588,-0.23808324621641141
2019-09-10,-0.0006564330438295629,-0.0010165246491917745,-0.2390997708656032
2020-08-18,-0.0006532991607619554,-0.007193357173695403,-0.2462931280392986
2018-02-05,-0.0006525285481242538,0.0014162320971939923,-0.2448768959421046
2021-09-10,-0.0006504878658994961,0.0018074825624985191,-0.24306941337960608
2021-11-16,-0.0006493830860682115,-0.0009327021767664423,-0.24400211555637252
2022-11-24,-0.000649156097073722,0.0003834145570591474,-0.24361870099931338
2017-12-06,-0.000645369474023938,0.0011336986655312575,-0.24248500233378212
2022-09-27,-0.0006439150032193641,-0.00017503856134737372,-0.2426600408951295
2018-08-06,-0.0006236682085131173,-0.0013259496139146343,-0.24398599050904413
2021-03-25,-0.0006152584085314938,0.00039955239071964854,-0.24358643811832448
2019-09-18,-0.0006093226363358406,-0.001351685646074019,-0.2449381237643985
2018-01-23,-0.0005988023952093746,-1.2461778110983701e-05,-0.24495058554250948
2022-04-26,-0.0005980563169698527,-0.0007681668228665117,-0.245718752365376
2022-07-13,-0.000597728631201444,0.0005552454348276559,-0.24516350693054834
2022-07-27,-0.0005943830798947891,-0.0006650739954698892,-0.24582858092601823
2018-03-26,-0.0005860415556736553,-0.0018694454601443367,-0.24769802638616256
2015-08-26,-0.0005732152162585269,0.0017634504051913247,-0.24593457598097124
2021-01-18,-0.0005621422730990311,-2.7089204375774223e-05,-0.245961665185347
2020-01-13,-0.000558092338914129,-0.0006773336274740194,-0.24663899881282103
2021-10-25,-0.0005549949545912147,-0.00010067065962338084,-0.2467396694724444
2016-04-21,-0.0005542957923908576,0.0014229030820640531,-0.24531676639038036
2022-03-10,-0.000550936592206841,-0.0017272221318217484,-0.2470439885222021
2021-12-01,-0.0005491214057506966,-0.0004740997146384096,-0.24751808823684052
2022-03-18,-0.0005475633431228921,-0.00040514011809844597,-0.24792322835493896
2022-07-19,-0.000547045951860059,-0.00011514473928320168,-0.24803837309422216
2022-09-26,-0.0005438544447740057,-0.0013714326128476673,-0.24940980570706983
2018-01-09,-0.0005397527932208268,-0.0016930075667880295,-0.25110281327385786
2018-09-18,-0.0005286809410522952,-0.0022109133597232322,-0.2533137266335811
2017-03-21,-0.0005197505197503949,0.005044391240172086,-0.248269335393409
2021-02-22,-0.0005179200331469902,3.8814273700227275e-05,-0.24823052111970878
2019-11-07,-0.0005112997238982953,-0.0017968161678429961,-0.2500273372875518
2020-12-28,-0.0005103342689460888,0.00023282475206287678,-0.2497945125354889
2016-06-01,-0.000504591785245867,2.0685777862849974e-05,-0.24977382675762605
2021-11-25,-0.0004995504046360066,0.0012162453443205212,-0.24855758141330553
2020-04-01,-0.0004897159647403448,0.0003527828249836329,-0.2482047985883219
2017-08-25,-0.000475486052409102,8.511576928538211e-05,-0.2481196828190365
2015-06-09,-0.0004710069081013124,-0.000897337152001354,-0.24901701997103787
2019-03-01,-0.0004642046626778251,-0.001803584847963835,-0.2508206048190017
2021-06-10,-0.0004596057603920567,-0.00023769474104096133,-0.25105829956004266
2019-12-27,-0.0004582484725053071,-0.0006731995638552535,-0.2517314991238979
2019-09-11,-0.00045514311722483214,-0.0018444707972199437,-0.25357596992111786
2021-08-23,-0.0004503377533149333,-0.0013515772872402243,-0.2549275472083581
2022-06-24,-0.0004488554186822258,-0.002193267118668407,-0.2571208143270265
2016-09-02,-0.00044620723847288435,-0.0010496979136402906,-0.2581705122406668
2022-05-27,-0.0004458977407848508,-0.0007305766140748293,-0.2589010888547416
2022-09-19,-0.00044437861057622374,0.0012676566461427008,-0.2576334322085989
2022-08-05,-0.0004442031489069187,-0.000627627116734808,-0.2582610593253337
2022-08-23,-0.0004434371304692375,-0.00021540951405774056,-0.25847646883939146
2017-08-23,-0.00042171850289929314,-0.0008087504484128871,-0.25928521928780435
2017-07-10,-0.0004203888596953087,-0.0003270706802138701,-0.2596122899680182
2015-07-27,-0.00041712289483286646,0.0010881020781636774,-0.25852418788985454
2021-03-08,-0.00041260508535745366,0.0015719110273231252,-0.2569522768625314
2019-06-06,-0.0004102353725449204,-0.00029634839443171135,-0.2572486252569631
2021-08-31,-0.0003995205753098974,-0.00016392905150652837,-0.25741255430846965
2018-10-16,-0.0003685956505712351,0.002436846018374128,-0.2549757082900955
2017-03-14,-0.0003669532396728403,0.0018191776766569578,-0.25315653061343857
2019-02-01,-0.00035694253225249106,-0.0004813037065242165,-0.2536378343199628
2016-06-07,-0.0003533925686591832,-0.0005134118320386793,-0.25415124615200146
2019-08-08,-0.00035324989907137283,0.0009965145042964973,-0.25315473164770497
2021-10-13,-0.00035301830652079147,0.0008268352191429518,-0.252327896428562
2016-04-12,-0.0003508420208501173,-0.00038169496914575163,-0.25270959139770777
2022-07-12,-0.00034904013961611913,0.0011820060390517195,-0.25152758535865605
2016-07-28,-0.00034653465346545786,0.0018341715485796772,-0.24969341381007637
2016-11-04,-0.000344759653270188,-3.3163567452421105e-05,-0.2497265773775288
2022-09-08,-0.0003446917470948385,0.0005150675259562032,-0.2492115098515726
2020-01-16,-0.000304583989035101,-0.000280553854761445,-0.24949206370633403
2021-07-13,-0.0003017501508750797,0.0010638229336450422,-0.248428240772689
2017-02-14,-0.0002640194318300759,-0.0037163474056940426,-0.25214458817838303
2017-10-24,-0.00021241569751995204,-0.0011014550874963724,-0.2532460432658794
2019-12-24,-0.00020391517128892644,1.2211349763147084e-05,-0.25323383191611626
2019-08-01,-0.00020330368487941897,0.00396874701573835,-0.2492650849003779
2022-07-06,-0.00020010005002513154,-0.0002810779614409453,-0.24954616286181885
2016-12-09,-0.0001535312180145354,-0.0029115419953681387,-0.252457704857187
2019-11-13,-0.00015321756894803862,0.0010884841114016108,-0.2513692207457854
2020-06-19,-0.00014969312908541532,-0.00016949772680174835,-0.25153871847258713
2022-09-14,-0.00014808233377761049,0.0005749078067536217,-0.2509638106658335
2022-05-20,9.974067424689537e-05,0.0009656693213548895,-0.24999814134447862
2021-01-13,0.00010212939794707054,0.0024089033472023402,-0.24758923799727628
2017-09-28,0.00010500341261066026,0.0005721835336340853,-0.2470170544636422
2016-12-05,0.0002034587995933812,-0.004841188729643231,-0.2518582431932854
2019-12-10,0.00020470829068575114,0.00029206007680637747,-0.25156618311647905
2022-10-13,0.00024745125210334784,0.0009455461362286588,-0.2506206369802504
2022-07-01,0.000250075022506957,-0.0009313082464409428,-0.25155194522669133
2018-09-05,0.0002636296530633686,-0.001487121536891789,-0.2530390667635831
2018-03-21,0.0002682115652827832,0.00043480740978307786,-0.25260425935380004
2018-12-26,0.00030927835051564045,0.0007196217476685973,-0.25188463760613145
2018-11-28,0.00031039834454205106,0.0012860810487729246,-0.2505985565573585
2022-11-03,0.0003445560149637483,-0.0010226255127699924,-0.2516211820701285
2022-08-08,0.0003457814661134151,7.712193679321189e-05,-0.2515440601333353
2022-06-08,0.0003486924034867833,-0.000357839121713166,-0.25190189925504847
2021-09-15,0.000350877192982324,-0.0028029884799186666,-0.25470488773496713
2016-04-28,0.0003519887363605534,0.0010899093911147517,-0.2536149783438524
2016-02-29,0.0003522012578616174,0.0025694009116730143,-0.25104557743217937
2020-11-03,0.0003559623696924863,-0.000233632059511657,-0.251279209491691
2021-04-28,0.0004096681687832948,0.0004978994141231485,-0.2507813100775679
2020-11-23,0.00041145913696416514,0.0006820019948559075,-0.25009930808271197
2017-07-19,0.00042016806722688926,-0.00042407344518291534,-0.2505233815278949
2018-09-28,0.0004223641835170433,0.0009710195705490143,-0.24955236195734587
2018-03-27,0.00042719068724306197,0.003491427387220636,-0.24606093457012523
2018-01-24,0.00043570611622434363,-0.001641902740594836,-0.24770283731072007
2022-08-24,0.0004436338541922158,-0.00017172698552780918,-0.24787456429624788
2022-01-13,0.000447204968944126,0.0005307948718509259,-0.24734376942439695
2021-09-22,0.0004504053648284323,-0.0002965134885489773,-0.24764028291294593
2021-09-16,0.00045228403437347353,0.0023642927138256553,-0.24527599019912028
2019-11-21,0.00045843520782407055,-0.00035713845888585283,-0.24563312865800613
2019-11-15,0.0004594649785583105,-0.0030087636640314663,-0.2486418923220376
2021-03-12,0.00046410891089143647,-0.00117606997308084,-0.24981796229511843
2015-08-07,0.0004697040864254376,0.0011754352604045337,-0.2486425270347139
2020-03-12,0.0004926836478298391,-0.0012041364305166447,-0.24984666346523055
2022-08-04,0.0004930480228777512,-0.001235244658201684,-0.25108190812343223
2022-06-14,0.0004986039090546512,0.00013287646817738974,-0.25094903165525484
2016-06-06,0.0005048210409410725,-0.000477736746737234,-0.2514267684019921
2019-11-27,0.000510021930943072,-0.00027476378395863144,-0.2517015321859507
2018-12-11,0.0005140331037321033,-0.0013316719303761992,-0.2530332041163269
2022-03-30,0.0005471003680492803,1.8730578069225956e-05,-0.2530144735382577
2022-03-02,0.0005507159307098775,-0.0005817242611397822,-0.25359619779939746
2021-03-10,0.0005667181865018911,0.0006954420101707992,-0.25290075578922666
2018-11-29,0.0005682405207145802,0.0011022520197152552,-0.2517985037695114
2017-02-17,0.000578795053933101,0.002131725669814344,-0.24966677809969706
2017-10-13,0.0005809040980142566,-0.0031318903386886587,-0.2527986684383857
2017-10-19,0.0005841121495329116,-0.0003034469154092889,-0.253102115353795
2016-08-16,0.0005899705014751344,-0.0027309263475562284,-0.25583304170135124
2022-09-13,0.0005920078934387174,-0.0009400739107395806,-0.2567731156120908
2020-02-06,0.0005952380952380931,0.001424038263366123,-0.2553490773487247
2022-02-22,0.0006007208650382623,0.0008023791691855742,-0.2545466981795391
2019-08-12,0.0006048996874685741,0.0018318275857553967,-0.2527148705937837
2016-05-17,0.0006060299984851358,-0.0007335530381998856,-0.2534484236319836
2020-09-28,0.0006116831481290941,0.001543346724983019,-0.2519050769070006
2021-01-21,0.0006122136625683616,0.0007733107729539501,-0.25113176613404664
2019-11-26,0.0006128076805231863,0.000950138827939373,-0.25018162730610727
2019-11-04,0.0006160796796386148,-0.0012814931805997798,-0.25146312048670705
2018-12-21,0.0006188437935126245,-0.0009135060087382962,-0.25237662649544534
2018-12-03,0.0006218260959685029,0.004191791071494366,-0.24818483542395098
2018-10-09,0.0006336800971642464,0.0007077485705799802,-0.247477086853371
2021-12-15,0.0006499675016249373,4.831118206882756e-05,-0.24742877567130217
2016-02-17,0.0006515310980803601,-0.0012348066371519195,-0.2486635823084541
2021-10-12,0.0006557046302837488,-0.000174193074704454,-0.24883777538315854
2019-08-07,0.0006562011003987678,-0.00027061495912439337,-0.24910839034228294
2020-10-09,0.000666393274554089,-0.0014188984355005818,-0.2505272887777835
2020-12-10,0.0006664616015583658,-0.0006094105355506363,-0.25113669931333416
2022-10-18,0.0006909826760770343,-0.00028691967736405033,-0.2514236189906982
2021-11-30,0.0006990213700817094,-0.00037193500710530625,-0.2517955539978035
2016-02-15,0.0007000700070007859,0.0007951328780630984,-0.2510004211197404
2016-03-16,0.00070210631895673,0.0027211820503358908,-0.24827923906940452
2021-06-21,0.0007135212272564306,0.0002947020674202161,-0.2479845370019843
2018-07-24,0.0007345996431942226,-0.001164626807730107,-0.2491491638097144
2017-07-26,0.0007367645510998333,-0.000778176586024415,-0.24992734039573883
2022-09-20,0.0007399003600849774,0.0003489664868885356,-0.2495783739088503
2022-08-03,0.000740996887812928,0.0012011913185130396,-0.24837718259033725
2022-07-26,0.0007443060586511674,0.001041109809135632,-0.24733607278120162
2022-06-16,0.0007479431563199856,0.0003288061196300429,-0.24700726666157158
2021-12-08,0.0007514653574469676,-0.00012640965746779642,-0.24713367631903937
2020-07-30,0.0007565822657118471,-0.001398268466380026,-0.2485319447854194
2019-01-11,0.0007658922644879773,0.001776413527463605,-0.2467555312579558
2021-01-12,0.0007664793050587981,0.0003952155524147294,-0.24636031570554107
2020-12-23,0.0007676560900715668,-0.0001750750245017585,-0.24653539073004282
2019-03-20,0.0007695464806074526,0.0009239723813703193,-0.2456114183486725
2021-03-24,0.0007698229407235857,0.0002579211554867289,-0.24535349719318578
2021-02-09,0.0007709307704169,-0.0041562084503491414,-0.24950970564353492
2018-12-24,0.0007739538723490202,0.0002127226191890319,-0.2492969830243459
2015-04-07,0.0007812093120151964,-0.00034059576055900376,-0.2496375787849049
2017-09-22,0.0007895983576355903,0.0015813497273668986,-0.248056229057538
2017-08-16,0.0007904721753797528,0.0008553230161578718,-0.24720090604138012
2017-08-03,0.0007924348882668575,0.0010115966574053559,-0.24618930938397476
2022-07-14,0.0007968127490038945,0.0007892494272385697,-0.2454000599567362
2022-06-21,0.0007986024457198315,-2.433246912514342e-05,-0.24542439242586134
2018-01-12,0.0008138020833332593,-0.00031707406347381006,-0.24574146648933515
2019-10-17,0.0008149544134872233,0.0007986832462938409,-0.2449427832430413
2019-10-15,0.0008151620134502213,-0.0003886320771701035,-0.2453314153202114
2019-01-31,0.0008159934720519679,-0.00040582196114469227,-0.2457372372813561
2022-09-21,0.0008380576780870896,0.0006083681361637172,-0.24512886914519239
2015-08-20,0.0008391461687735635,0.0009545377978250613,-0.24417433134736732
2020-05-28,0.0008415841584159534,0.0017177402080423843,-0.24245659113932494
2017-09-12,0.0008421052631581993,0.0008086903009771884,-0.24164790083834775
2018-04-24,0.0008431703204045959,6.886954468510176e-05,-0.24157903129366265
2018-08-29,0.00084405992825487,0.0005914763836645243,-0.24098755490999813
2020-07-01,0.0008476266453927295,-0.00015819086952151284,-0.24114574577951964
2017-10-20,0.0008497079129048402,-0.0011147338645880467,-0.24226047964410768
2022-06-29,0.0008521303258146595,-0.0004419340376478065,-0.2427024136817555
2016-03-11,0.0008551307847080025,0.0024975749747861986,-0.2402048387069693
2017-12-01,0.0008610483263373769,-0.0001539351092266772,-0.24035877381619597
2017-12-19,0.0008614655682983585,-0.001784304697771133,-0.2421430785139671
2019-03-28,0.0008670372826034001,-0.0005048572149796149,-0.24264793572894672
2021-06-17,0.0008700102354144423,-0.0007990016132791711,-0.2434469373422259
2019-03-21,0.0008713480266531182,0.0006147158744935766,-0.2428322214677323
2018-11-07,0.0008871725289636423,0.0006736516947205562,-0.24215856977301176
2022-07-21,0.0008929457287427667,-0.0004278331025630022,-0.24258640287557476
2022-04-13,0.0008948990752710717,0.0014007341910999838,-0.24118566868447477
2018-09-06,0.0008976660682227244,-7.491846705376393e-05,-0.24126058715152854
2021-12-10,0.0009006304413086141,-0.0005192453209145187,-0.24177983247244306
2021-09-27,0.0009008107296566426,-0.0010755046950502445,-0.2428553371674933
2021-08-17,0.00090470446320845,0.0002599628908273033,-0.242595374276666
2019-08-26,0.0009091368250919718,-0.002165089665010833,-0.24476046394167683
2019-01-17,0.000916263680325935,-0.0006530442864763897,-0.24541350822815322
2017-12-14,0.0009179265658749713,2.2418933997236934e-05,-0.24539108929415598
2019-03-25,0.00091836734693862,0.00023504937056961772,-0.24515603992358637
2017-01-13,0.0009241195194580332,0.0005660742657476181,-0.24458996565783875
2021-04-09,0.0009259735583106998,-0.00032557949871436787,-0.24491554515655312
2020-04-21,0.0009301870165474568,0.0010494470460329364,-0.24386609811052018
2021-02-24,0.0009304248940349424,-0.0016866281174314768,-0.24555272622795166
2019-05-23,0.0009311950336263752,0.0014709499971194973,-0.24408177623083216
2016-10-14,0.0009368374340514851,6.327736377786941e-05,-0.2440184988670543
2022-10-14,0.0009391992090954648,0.0012393717837604346,-0.24277912708329386
2015-05-27,0.0009407337723423836,0.0003045113822663925,-0.24247461570102746
2016-08-24,0.0009418996628991483,0.001115800834765146,-0.24135881486626232
2015-08-06,0.000941964519336258,0.001810922572365703,-0.2395478922938966
2022-02-18,0.00094673376849852,-0.001953696310001529,-0.24150158860389814
2016-07-13,0.0009476309226932322,-4.103575856007069e-05,-0.2415426243624582
2022-02-21,0.0009486244944831856,-0.0031729775019530004,-0.24471560186441121
2021-08-25,0.0009490983565612066,-0.0018494782355056305,-0.24656508009991684
2021-11-19,0.0009509509509508796,-0.002442935838271154,-0.249008015938188
2019-08-20,0.0009608091024020382,-0.00036338779145717037,-0.24937140372964517
2021-07-02,0.0009660853205879505,0.0002745252731695125,-0.24909687845647566
2021-06-30,0.0009664784577039232,0.0006575021062158459,-0.2484393763502598
2021-04-23,0.0009706753857159356,-0.0015393361239857128,-0.24997871247424552
2019-04-02,0.0009770144495293565,0.0005314389317889745,-0.24944727354245655
2022-05-16,0.0009951238929246653,0.0012316388471280693,-0.24821563469532848
2022-06-02,0.0009955201592832807,-0.0006976093565329577,-0.24891324405186144
2017-06-16,0.000996538340501285,0.0008289512868733251,-0.2480842927649881
2022-03-23,0.0009989012086704108,-0.00057962707079251,-0.24866391983578062
2018-05-29,0.0010011064861163987,0.003926228374632634,-0.244737691461148
2017-09-07,0.0010030090270811698,0.0037409224661097973,-0.2409967689950382
2020-09-15,0.0010224948875254825,0.0025167164982446977,-0.2384800524967935
2020-08-28,0.00102343670044025,1.8223458975397122e-05,-0.2384618290378181
2019-05-08,0.0010322580645161228,0.0007890555628418117,-0.23767277347497628
2022-08-17,0.001034533720873032,0.0014599416499769813,-0.2362128318249993
2015-09-23,0.0010384215991692258,-0.00040140352819850733,-0.2366142353531978
2018-08-01,0.0010438413361169019,0.001879841712571828,-0.23473439364062598
2016-09-08,0.0010441527446301002,0.0005871681927012151,-0.23414722544792477
2022-02-28,0.0010473815461344849,2.510400969502058e-05,-0.23412212143822975
2022-04-21,0.0010480610869889606,-0.00031533114570170273,-0.23443745258393145
2020-02-19,0.0010493179433368471,-0.0003060510346268863,-0.23474350361855834
2017-07-24,0.0010498136580758821,-6.921049730601592e-05,-0.23481271411586435
2022-11-21,0.001052631578947416,-0.0014202814478058157,-0.23623299556367017
2021-05-14,0.001068267372062337,-0.00021135711194097961,-0.23644435267561115
2020-12-04,0.0010793030785836155,0.00040845919770582384,-0.23603589347790532
2018-01-03,0.0010793308148946412,-0.0020567117790323275,-0.23809260525693765
2018-01-10,0.0010813148788926252,-0.00223683555694254,-0.2403294408138802
2017-12-13,0.0010826611811833864,0.0016805646498285753,-0.23864887616405162
2021-09-03,0.001096709870388679,-0.0003440184678604741,-0.2389928946319121
2020-06-17,0.001098846211477822,0.002277102573237322,-0.23671579205867477
2018-11-05,0.001099591580270065,0.00020869405875156843,-0.2365070979999232
2021-09-08,0.0011004401760705829,-0.0009030325560710484,-0.23741013055599425
2017-09-25,0.0011031729354904485,-0.0004892961894233938,-0.23789942674541764
2021-07-16,0.0011079774375502005,0.00010498268653313936,-0.2377944440588845
2015-12-11,0.001109933908480798,-0.0001164939831727052,-0.2379109380420572
2021-06-22,0.0011201629327903806,0.00038462765292224255,-0.23752631038913496
2018-03-16,0.0011312217194572316,-0.00048659878588286354,-0.23801290917501783
2019-03-06,0.0011326194398681988,0.0008958333976152311,-0.2371170757774026
2022-08-11,0.0011365882585490095,0.0010810884086311923,-0.2360359873687714
2017-03-17,0.0011428571428571122,-0.00050477125195314,-0.23654075862072454
2018-01-31,0.001143230442593568,0.0009106616797878164,-0.23563009694093673
2017-04-18,0.0011464901766637947,0.002244310577962594,-0.23338578636297413
2021-11-05,0.0011503451035308476,0.0011130260079506016,-0.23227276035502353
2021-11-04,0.001153749686481298,0.0020713391536337777,-0.23020142120138976
2016-05-31,0.0011622031328955007,0.0006036415986359067,-0.22959777960275385
2021-06-01,0.0011684616947773563,-0.0011578670366736432,-0.2307556466394275
2022-10-26,0.001185243715738915,0.001729984777828486,-0.229025661861599
2016-09-23,0.0011873546727354523,0.00012025686586070172,-0.2289054049957383
2018-02-28,0.0011881615899760334,0.0004082997863097404,-0.22849710520942856
2017-01-17,0.0011917098445595187,-0.013283694469782503,-0.24178079967921107
2022-05-24,0.0011947431302270495,0.00041159961536862966,-0.24136920006384244
2021-12-23,0.0011961126339397055,0.0003618513580760929,-0.24100734870576634
2018-01-17,0.0011968880909631885,-0.0028948072107217726,-0.24390215591648812
2018-07-17,0.0011973554063200442,1.62752688228629e-05,-0.24388588064766525
2021-12-20,0.001199940002999833,-0.0009950343799934869,-0.24488091502765874
2022-07-08,0.0012008405884116335,0.00027536553521412266,-0.24460554949244462
2021-09-14,0.0012046983234614839,0.0006869822695603212,-0.2439185672228843
2016-11-21,0.0012061513719971995,0.0012064232708197675,-0.24271214395206453
2018-08-31,0.0012105263157895507,0.00033161983444673915,-0.2423805241176178
2020-11-05,0.0012201942142457955,-0.002507081874198236,-0.24488760599181603
2018-09-21,0.001224315979984958,0.0016228377884281997,-0.24326476820338783
2021-01-27,0.0012253650566729224,-0.0012872256762571643,-0.244551993879645
2019-12-23,0.0012262415695893925,0.0012437963310050204,-0.24330819754863997
2019-10-22,0.0012280611983830347,0.0003967455011011367,-0.24291145204753883
2019-06-20,0.0012307692307691465,-0.0018067728700627006,-0.24471822491760153
2016-10-27,0.0012338976358519105,0.0007319582865514818,-0.24398626663105005
2019-06-27,0.0012339331619535265,-0.00014356178864760594,-0.24412982841969766
2016-10-26,0.0012339585389931074,-6.247289218042074e-05,-0.24419230131187808
2020-12-14,0.0012345679012344402,0.0016498934049609115,-0.24254240790691717
2022-02-08,0.0012346898459107969,-0.0015551706746242955,-0.24409757858154146
2016-09-20,0.0012370113805049154,-0.0010149523444932251,-0.2451125309260347
2022-06-17,0.0012456402590932392,-0.0011331750274794494,-0.24624570595351414
2022-02-25,0.0012499999999999734,0.001651159522213952,-0.24459454643130019
2017-04-26,0.0012526749830366057,0.0012854814379701374,-0.24330906499333005
2018-06-08,0.0012699084607650235,0.0010999687649870804,-0.24220909622834297
2019-03-26,0.0012749247794379137,-0.0006037554323109484,-0.24281285166065392
2020-09-18,0.0012768782879617468,0.0001117905897893845,-0.24270106107086453
2016-10-20,0.0012778924604344155,7.636560798385261e-06,-0.24269342451006615
2021-04-16,0.0012798198013719286,3.295468907427157e-05,-0.24266046982099188
2022-09-01,0.0012818616575456243,0.0017365821779984358,-0.24092388764299344
2015-05-07,0.0012867363219928318,0.0009733553855040267,-0.2399505322574894
2019-06-12,0.0012870012870012104,-1.8811706950061513e-05,-0.23996934396443947
2022-10-12,0.001289618570507356,0.001811154125304526,-0.23815818983913495
2021-07-28,0.0013036502206178469,0.0003298443557495645,-0.23782834548338538
2021-09-29,0.0013037155894297658,0.0015745647499432192,-0.23625378073344216
2018-02-23,0.001308258381030436,0.0004938289536273732,-0.2357599517798148
2019-08-27,0.0013157894736843812,0.0009576572459242261,-0.23480229453389057
2017-08-31,0.0013198183929892249,0.00019604751877455584,-0.234606247015116
2021-05-20,0.001323828920570369,0.0022597140554885264,-0.23234653295962748
2019-03-12,0.0013318307550458375,0.00046076707711151244,-0.23188576588251597
2022-08-10,0.0013333991802062517,-0.0011724408882395343,-0.2330582067707555
2021-03-30,0.00133381213769046,-0.0022762787736072543,-0.23533448554436276
2017-01-12,0.001335250616269601,-0.0005662282485282555,-0.23590071379289101
2020-11-27,0.00133531919264529,-0.0006628354008246795,-0.2365635491937157
2020-12-21,0.001337654987909609,0.001725175608319196,-0.2348383735853965
2016-08-31,0.0013412150414782165,-0.0005499121668066653,-0.23538828575220316
2016-07-18,0.001342949515046099,0.00021403109479911642,-0.23517425465740405
2015-09-15,0.0013478486262312739,0.001096251809265869,-0.23407800284813818
2022-03-08,0.001351621946335646,-0.0011407560334240063,-0.23521875888156218
2016-11-17,0.00135569391444057,-0.0020754894231548304,-0.23729424830471701
2017-01-24,0.0013577023498694274,-0.013082230867268563,-0.2503764791719856
2016-06-13,0.0013636363636364557,0.0015031908041516218,-0.24887328836783396
2017-06-07,0.001372321334318638,0.0010648340017531677,-0.2478084543660808
2019-11-08,0.001383196721311819,-0.00038097679684157004,-0.24818943116292236
2016-08-02,0.0013870999702763065,0.0004464524291110106,-0.24774297873381135
2021-02-05,0.0013891747273100385,0.00017836964110795606,-0.2475646090927034
2022-05-25,0.0013926191186710568,0.002145421724138785,-0.2454191873685646
2019-04-23,0.0014047135945058908,0.0020414672750055374,-0.24337772009355907
2021-07-21,0.0014070351758792565,0.000168612613094421,-0.24320910748046465
2015-12-10,0.0014120020171455305,-0.0015118722827304198,-0.24472097976319507
2017-07-12,0.0014168765743072242,0.0008476689995422504,-0.24387331076365282
2021-05-26,0.0014216084484157676,-0.0006100360349521328,-0.24448334679860495
2017-07-05,0.0014222503160556954,0.003294894683855354,-0.2411884521147496
2020-08-24,0.0014237770771892144,-0.0033424434074210696,-0.24453089552217067
2017-09-06,0.0014275140107855577,0.0005787961006806785,-0.24395209942149
2019-01-07,0.0014312001635659044,0.00033413153644823446,-0.24361796788504175
2019-01-24,0.0014316392269146938,-0.002462235153733894,-0.24608020303877565
2021-03-17,0.0014454597078104037,-0.0003820019004420194,-0.24646220493921767
2016-07-05,0.0014460234355520019,0.0006543901906357341,-0.24580781474858193
2017-12-12,0.0014619883040933868,-0.00045582214410211375,-0.24626363689268405
2015-12-17,0.0014622831787012291,0.00038520956610477164,-0.24587842732657927
2019-09-04,0.0014679084834985368,0.0024025856461133976,-0.24347584168046588
2018-01-29,0.0014700277671912954,-0.0007173229240052814,-0.24419316460447116
2017-03-07,0.0014750816563062763,0.0018349883673742795,-0.24235817623709688
2021-06-29,0.0014771801140995855,0.00041661200520581865,-0.24194156423189106
2019-12-26,0.0014775564273703523,-0.00034242486848101716,-0.24228398910037208
2020-10-22,0.0014807250446771114,-0.00012040860538364839,-0.24240439770575573
2018-08-20,0.0014816382686000384,-0.0007325814279628418,-0.24313697913371857
2016-07-21,0.0014847809948033142,-0.0019840886197142193,-0.2451210677534328
2018-05-16,0.001491662671141647,0.0018769290955740203,-0.24324413865785877
2022-04-01,0.001492685839387109,-0.0004494991995036557,-0.24369363785736242
2022-01-10,0.001492834394904552,-0.00021009806841465473,-0.24390373592577708
2022-05-23,0.001494768310911887,0.00032700954248277014,-0.2435767263832943
2022-11-23,0.0015027801432652144,0.00229088001504274,-0.24128584636825157
2016-11-28,0.0015058729043269103,-0.0017855846549392762,-0.24307143102319084
2015-08-21,0.001518324607330035,0.0007618476878399338,-0.2423095833353509
2017-03-02,0.001524790998475245,-7.374205425558777e-05,-0.2423833253896065
2017-09-19,0.001525111753878594,0.00039502175396610717,-0.2419883036356404
2019-07-31,0.0015271838729384868,0.000941653504731299,-0.2410466501309091
2015-10-19,0.0015298317185110655,0.0021700035500140658,-0.23887664658089502
2016-08-22,0.0015329838789437389,0.0011544202326236874,-0.23772222634827134
2018-04-26,0.0015341480188328926,0.0005639807075346059,-0.23715824564073673
2020-08-27,0.0015346838551262287,-0.0013008226634363407,-0.23845906830417307
2021-03-31,0.0015409903431271577,0.0005530659976871188,-0.23790600230648595
2016-07-01,0.0015429794435319888,0.0005316274952662514,-0.2373743748112197
2021-09-06,0.0015450558213716548,-0.0012576764835843246,-0.23863205129480403
2019-03-05,0.0015457543281121033,0.00039018147161784533,-0.23824186982318618
2018-12-25,0.0015476681799420078,-0.00032698440469136614,-0.23856885422787755
2016-02-04,0.0015595130294798754,0.00022136849690790328,-0.23834748573096964
2020-04-16,0.0015598342676090837,-0.000829817299886737,-0.23917730303085638
2021-10-26,0.001564708257621561,4.071787840675967e-06,-0.2391732312430157
2017-07-20,0.0015759613364152436,0.0004633613642772705,-0.23870986987873843
2018-02-09,0.0015778019586507597,0.0006846738628651927,-0.23802519601587324
2019-07-09,0.0015821169745839914,0.000886082077245165,-0.23713911393862808
2019-03-08,0.0015840572304548495,-0.0005054809152118533,-0.23764459485383993
2020-10-21,0.0015845430382337433,-0.0003351702462758288,-0.23797976510011576
2022-07-29,0.0015853356452810718,0.001027108847831748,-0.236952656252284
2017-03-10,0.0015872176075342193,0.00033261551873886575,-0.23662004073354514
2022-07-25,0.0015888778550148253,-0.0007045831663482494,-0.2373246238998934
2018-09-14,0.0015898251192369983,0.0017310639768393088,-0.23559355992305409
2016-01-11,0.0015966470412134282,-4.069055948496825e-05,-0.23563425048253905
2018-05-10,0.0015975291549070736,0.003015407376280921,-0.23261884310625813
2022-07-07,0.00160160160160161,-0.0005364054896204173,-0.23315524859587855
2016-05-04,0.001604331695577832,-0.014697267578214768,-0.24785251617409332
2016-03-22,0.0016089295590528963,0.001585342097234932,-0.2462671740768584
2015-09-10,0.0016114778811664454,0.002347153327371565,-0.24392002074948682
2018-03-09,0.0016146393972009676,0.00016219329536371063,-0.2437578274541231
2016-05-20,0.0016178775468931317,0.0012746102599920928,-0.24248321719413102
2018-03-15,0.0016181229773464256,0.000700132466976422,-0.2417830847271546
2022-10-19,0.0016286644951140072,-0.0013950076209596762,-0.24317809234811427
2021-05-11,0.0016323199347074713,0.001760588661821716,-0.24141750368629256
2021-06-15,0.0016385048643110522,4.0406081746047207e-05,-0.2413770976045465
2022-06-09,0.0016440813072939875,0.0005289053379309294,-0.24084819226661558
2019-06-13,0.0016457519029007273,0.0005263020803536467,-0.24032189018626193
2017-05-23,0.0016475340136055117,-0.0005608806291514945,-0.24088277081541343
2016-02-24,0.0016566265060242724,-0.0025045799297301885,-0.24338735074514362
2018-03-01,0.0016716997411561074,-0.0009521789530835267,-0.24433952969822714
2022-11-08,0.001677024760777135,0.0002036914816057056,-0.24413583821662144
2019-02-12,0.0016791329568006663,-0.002228724054076814,-0.24636456227069825
2017-06-23,0.0016792611251048584,0.0018023488836029777,-0.24456221338709527
2022-02-16,0.001696606786427024,0.001985364675015644,-0.24257684871207963
2019-05-13,0.0016969198333935953,0.00018099792952241955,-0.2423958507825572
2020-04-15,0.001710487733359356,0.0016051166909492043,-0.240790734091608
2021-11-01,0.00171258751825909,0.0008301416122580285,-0.23996059247934998
2021-07-07,0.0017287842578941337,0.005422057955690729,-0.23453853452365925
2019-07-22,0.0017308083893301518,0.0012288014669719072,-0.23330973305668734
2020-11-12,0.0017378859129013602,-0.0006320005220874503,-0.2339417335787748
2018-06-06,0.0017454776261502936,-0.0018846345769227835,-0.23582636815569757
2021-12-22,0.0017489506296219925,0.0013912368011370635,-0.2344351313545605
2021-03-23,0.0017511330861146313,0.002145411794668206,-0.2322897195598923
2021-11-24,0.0017522779613496908,0.0013280554925640953,-0.2309616640673282
2016-04-01,0.0017545618608383329,0.00035569995691764333,-0.23060596411041057
2018-04-09,0.0017609391675559305,-0.0009711489761116132,-0.23157711308652218
2016-04-26,0.0017650025214319687,0.0016467920946949821,-0.2299303209918272
2017-05-02,0.0017726798748696204,-0.004267764869649082,-0.23419808586147628
2016-08-03,0.0017808558001481956,-0.00010436287792481291,-0.2343024487394011
2020-03-04,0.0017812963879269006,-0.0006534012777236198,-0.2349558500171247
2019-07-11,0.0017822588858333877,-0.0026026585943670355,-0.23755850861149175
2018-10-18,0.0017840277049006037,0.001494159656784344,-0.2360643489547074
2020-08-26,0.0017858965200532317,-0.0034948519333964922,-0.2395592008881039
2018-08-22,0.0017955217574987525,0.0007007545101078705,-0.23885844637799603
2019-10-29,0.0017972681524083267,0.0001598588763351838,-0.23869858750166084
2021-11-12,0.00180306521085849,-0.0012009576257293597,-0.2398995451273902
2020-04-22,0.0018086718482670516,0.0006461653695761793,-0.23925337975781402
2015-05-22,0.001810282404055119,-0.0004823594266814002,-0.23973573918449542
2018-05-18,0.0018104366347175826,-0.00019999520011526606,-0.2399357343846107
2021-07-12,0.0018161638583391593,0.0014789032083795117,-0.23845683117623118
2017-12-28,0.001827269307250079,-0.0009395612571553302,-0.2393963924333865
2016-11-01,0.0018283342392646507,0.0006133874873839318,-0.23878300494600257
2016-08-09,0.0018297809208247529,0.0012378701448769736,-0.2375451348011256
2017-06-26,0.0018326526337837379,0.002117226682417206,-0.2354279081187084
2016-07-07,0.0018398806563899583,0.0007495580268794821,-0.2346783500918289
2020-08-31,0.001840396707734726,0.001466809910222855,-0.23321154018160606
2022-11-15,0.0018421707742095617,0.001485786269219913,-0.23172575391238615
2022-03-25,0.001844834463502254,0.000929499429535463,-0.23079625448285068
2021-08-12,0.0018524081305697493,0.0001638736817666242,-0.23063238080108406
2016-10-10,0.0018735824869340334,-0.0002811030179439289,-0.230913483819028
2018-08-07,0.0018744142455482393,-0.003974351568367007,-0.234887835387395
2019-09-19,0.0018819938962360006,0.0007661649755699163,-0.23412167041182508
2016-09-09,0.0018865114431811936,-0.0012332463082138645,-0.23535491672003894
2019-07-16,0.0018878514209907937,-0.0007223213716344157,-0.23607723809167336
2019-07-08,0.0018884295411627505,-0.0012690616405315325,-0.2373462997322049
2022-05-05,0.0018950728106919001,0.00027070442020904473,-0.23707559531199585
2019-03-22,0.0018951034624052898,0.002786510308173895,-0.23428908500382195
2019-12-20,0.0018962689626893514,0.0012277470841006721,-0.23306133791972128
2020-06-09,0.001897343718793465,-0.0005825371152715642,-0.23364387503499284
2021-11-15,0.001903616872056979,0.0017348632540650222,-0.23190901178092782
2021-07-23,0.001907439012147405,0.001656223116972777,-0.23025278866395504
2021-03-16,0.0019118482922544366,-0.0003596123207775248,-0.23061240098473257
2018-11-20,0.0019120458891015435,-0.000839669513502006,-0.23145207049823457
2021-10-19,0.0019257082045303076,0.002283673067391856,-0.22916839743084272
2021-04-21,0.001941747572815622,-0.0001366741994348608,-0.22930507163027758
2019-01-29,0.0019431376559624347,0.001364648085110609,-0.22794042354516697
2019-11-11,0.001945624903998855,0.0021192512344045955,-0.22582117231076237
2015-05-05,0.001948518100707508,-0.0015885216500127752,-0.22740969396077515
2017-11-29,0.0019503738216490873,0.004203497890710173,-0.22320619607006498
2021-11-22,0.0019548872180450427,-0.0002498999091987697,-0.22345609597926375
2017-08-11,0.0019553958355353895,-0.0007565496028987262,-0.22421264558216247
2021-11-18,0.00195557338414476,0.0006528270108328016,-0.22355981857132967
2018-12-04,0.0019595709570958686,0.0016000462425200812,-0.2219597723288096
2016-02-25,0.0019607843137254832,-0.002515493517396883,-0.22447526584620647
2018-01-22,0.001966783216783341,0.0016848744498394463,-0.22279039139636703
2020-03-26,0.001967922857423865,0.0003262482503623154,-0.2224641431460047
2022-10-28,0.001969376200088524,0.0009805011304924172,-0.2214836420155123
2016-08-05,0.0019753086419753707,-1.541000633431544e-06,-0.22148518301614573
2022-04-06,0.0019887634863025028,0.00047360291145648326,-0.22101158010468924
2020-12-30,0.0019902020820574684,0.002019659969044074,-0.21899192013564517
2020-02-18,0.002002402883460208,0.0007108866262344193,-0.21828103350941075
2019-06-21,0.002003390352905088,0.00010280253783689908,-0.21817823097157385
2021-07-20,0.00201126307321009,-0.0010421158896758431,-0.2192203468612497
2016-03-09,0.0020204061016264596,0.0020219083675612204,-0.21719843849368847
2019-04-30,0.0020249221183801236,0.0058458541213308735,-0.2113525843723576
2020-05-27,0.002033528419799646,0.0007606522171430541,-0.21059193215521455
2022-01-18,0.00203362928426154,0.004048049119238728,-0.20654388303597582
2017-06-28,0.0020397489539749625,-0.0025416523143226843,-0.2090855353502985
2016-07-06,0.0020425447118019857,0.0006864040768597146,-0.2083991312734388
2016-06-16,0.002059990956137181,0.0010231394261019933,-0.2073759918473368
2018-05-22,0.0020669917320328413,0.0023317824573836354,-0.20504420938995316
2020-03-30,0.002069985214391279,0.00063899679644841,-0.20440521259350475
2020-08-04,0.002070811657154392,0.0008203216887840981,-0.20358489090472065
2015-12-15,0.002072905606956832,1.6727923392689803e-05,-0.20356816298132796
2020-09-10,0.002088746242804085,-0.0012591591015895798,-0.20482732208291754
2017-01-20,0.0020948989211271307,0.002668463896305262,-0.20215885818661228
2017-07-17,0.002095557418273275,-0.002100686777368299,-0.20425954496398058
2021-08-24,0.002104841134609625,0.0021993466546721407,-0.20206019830930844
2015-10-28,0.002106318956870412,-0.006225330357512826,-0.20828552866682126
2017-03-09,0.0021139414438220427,-0.0020137459595694907,-0.21029927462639075
2017-08-10,0.002118419658934556,0.000977412663417443,-0.2093218619629733
2022-08-01,0.0021255561047948124,0.000571174628400728,-0.20875068733457258
2019-08-22,0.002129061692097034,-0.0006259208091702329,-0.20937660814374282
2020-10-27,0.0021424199143031952,0.0013516864674729678,-0.20802492167626985
2016-07-14,0.002143355597647334,-0.0009911740055192908,-0.20901609568178914
2022-04-25,0.002146136953483646,0.00015747577629943166,-0.2088586199054897
2017-06-14,0.0021499737808077235,0.0011073469963260862,-0.20775127290916362
2021-07-26,0.0021534455128202623,-0.00018766186775331928,-0.20793893477691694
2020-08-13,0.0021678850516766435,0.001374962996379736,-0.2065639717805372
2015-09-01,0.002168973352613124,0.0007060892975856436,-0.20585788248295156
2017-08-29,0.0021702307855178127,0.000728743239529539,-0.20512913924342202
2015-07-07,0.0021834061135368454,0.0015773212808221082,-0.2035518179625999
2022-03-14,0.0021890547263683224,-0.0018411203095153317,-0.20539293827211524
2021-04-02,0.0022073921971252908,-0.00105483342775603,-0.20644777169987127
2016-05-03,0.002207948615014166,4.857099434230072e-05,-0.20639920070552897
2019-06-25,0.002209433768369129,-0.00044461164882525495,-0.20684381235435423
2020-08-10,0.0022252566631264514,0.0021860553117070136,-0.20465775704264721
2019-07-18,0.002241467142129361,0.0006157577922436541,-0.20404199925040356
2022-05-18,0.002246069378587512,0.0009855053738907493,-0.2030564938765128
2015-12-31,0.0022471910112360494,-0.0020788335770585142,-0.20513532745357133
2016-01-26,0.002252928807449539,-0.0024590365702023,-0.20759436402377363
2021-04-30,0.002253059552460579,0.001938306355785624,-0.205656057667988
2016-03-24,0.0022573363431153126,-0.00024058255702053,-0.20589664022500853
2022-09-05,0.002262666010821368,0.00018836595649296406,-0.20570827426851557
2016-11-18,0.002263467632412919,-0.0006631703150303814,-0.20637144458354595
2016-06-14,0.0022668883179688404,0.00033615390599450734,-0.20603529067755144
2016-08-11,0.0022734012058911457,0.0005650730640955892,-0.20547021761345585
2022-10-24,0.0022747502719810964,-0.0002022578233445982,-0.20567247543680045
2020-01-21,0.00227502527805834,0.003051780844529617,-0.20262069459227083
2020-08-07,0.0022764063132334478,-0.0015377527598292584,-0.2041584473521001
2018-02-01,0.0022840983249945435,-0.0007957962065388013,-0.2049542435586389
2022-04-15,0.0022860550641090605,-0.0031649094414554213,-0.20811915300009431
2019-04-22,0.0022865457568983505,-0.0027918090892822267,-0.21091096208937654
2019-02-15,0.0022967386311438798,-0.002583780380932099,-0.21349474247030864
2020-10-19,0.002308047391906376,0.00031877642282163166,-0.213175966047487
2018-07-25,0.002309953800924136,-0.0002346592364632638,-0.21341062528395027
2021-04-12,0.0023137436372047127,0.0025087262254477327,-0.21090189905850254
2018-03-20,0.0023143164693217866,0.0013621737637985465,-0.209539725294704
2018-10-23,0.0023148148148146586,0.0007315564176308964,-0.2088081688770731
2018-10-11,0.0023172530018960025,0.0005465754471887241,-0.20826159342988437
2021-02-19,0.002330157415078693,-0.0015325643830383928,-0.20979415781292277
2020-01-20,0.0023306480214826397,0.0003502506363424196,-0.20944390717658035
2016-01-15,0.00234110380553898,0.0010979070469498975,-0.20834600012963045
2016-01-28,0.002354591453333832,0.002433919941422946,-0.2059120801882075
2017-02-28,0.0023560209424082768,0.0009406288449655964,-0.2049714513432419
2020-12-08,0.002361517531700885,0.0005484200389189731,-0.20442303130432293
2017-07-04,0.0023721665788087876,-0.00017929532352922717,-0.20460232662785216
2019-05-30,0.002376524075222264,0.00022335877746382238,-0.20437896785038834
2015-10-13,0.002392709871200882,0.004413935588896578,-0.19996503226149176
2017-05-09,0.0023931078493939495,-0.0012771236224974336,-0.2012421558839892
2022-04-29,0.0023970037453184823,0.0003454355614189719,-0.20089672032257022
2016-06-29,0.0023978419422518993,0.00030083484954968043,-0.20059588547302054
2015-12-22,0.00240252264878138,-0.0010899019088281836,-0.20168578738184872
2022-10-10,0.002433452522844437,0.0010172052528003572,-0.20066858212904837
2016-01-08,0.002450980392157076,0.0012563074641345207,-0.19941227466491385
2016-08-15,0.002457968734637772,-0.0009222980159225846,-0.20033457268083643
2021-04-13,0.002458260780497712,-0.00039909410839411574,-0.20073366678923055
2020-08-06,0.002477750809061874,-0.001244423171826492,-0.20197808996105704
2020-02-28,0.002479052010511351,0.0022522252165195766,-0.19972586474453746
2016-09-13,0.0024831148192292485,-0.00016962057353764326,-0.1998954853180751
2017-05-31,0.0024888794746875664,-0.0002031878112053187,-0.20009867312928042
2019-01-22,0.002504728313653226,0.0011116500191363787,-0.19898702311014405
2022-03-07,0.0025080256821827795,0.00017075656670728634,-0.19881626654343676
2016-04-08,0.0025126890798530255,-0.0008377420087372078,-0.19965400855217397
2017-04-07,0.002530338239091101,0.001200033829938052,-0.19845397472223592
2021-12-27,0.002538071065989689,-0.0009702467792774838,-0.1994242215015134
2019-04-26,0.0025477044662818304,0.0009922947740510502,-0.19843192672746235
2020-05-12,0.0025539020676781377,0.00029540868010058396,-0.19813651804736176
2016-07-26,0.0025805170959258827,0.00018658146894368066,-0.19794993657841808
2018-02-26,0.0026130981544996157,0.0026969351064907165,-0.19525300147192737
2018-06-28,0.0026147892479866375,0.001538667807366334,-0.19371433366456103
2020-07-14,0.0026379870129868976,-0.00069455687018527,-0.1944088905347463
2020-07-10,0.0026398619149152758,-0.00036719083657676954,-0.19477608137132307
2018-03-06,0.002645074224021604,0.0006262437398056875,-0.19414983763151739
2018-05-03,0.0026469031233455897,0.0008757158977463764,-0.193274121733771
2019-10-14,0.0026557711950969676,0.0004342284672522734,-0.19283989326651874
2021-11-26,0.0026950142236861208,-0.00015903648148141158,-0.19299892974800015
2021-07-30,0.002699460107978391,0.003856262296162205,-0.18914266745183794
2020-11-30,0.0027221366204417397,0.0003606596154261954,-0.18878200783641175
2015-05-08,0.0027235354573484916,-0.0010084608153150265,-0.18979046865172677
2018-07-26,0.0027277973036774483,0.0004774383963701556,-0.18931303025535662
2015-10-30,0.002738197860149061,0.00019020677364545158,-0.18912282348171117
2020-03-23,0.0027700831024930483,0.0010253369405428536,-0.1880974865411683
2017-04-06,0.002798072438986443,0.0016890420548103524,-0.18640844448635796
2017-11-08,0.002804746494067034,0.0007323075267426926,-0.18567613695961527
2018-09-12,0.002814507992140447,-0.00031405626093605754,-0.18599019322055133
2020-05-21,0.0028234594808798086,0.0008383278790122795,-0.18515186534153905
2018-02-06,0.0028251657068345537,-0.0014559948087891073,-0.18660786015032815
2019-08-14,0.0028332911712625197,0.0015743561355781033,-0.18503350401475005
2018-06-01,0.002848101265823022,-0.0014863783300592681,-0.18651988234480932
2021-02-23,0.0028491504351433328,0.000474289112998294,-0.18604559323181102
2020-08-21,0.002851469015734187,-0.0006758115576870338,-0.18672140478949806
2017-03-20,0.002855659397715593,-0.0022118179618419997,-0.18893322275134006
2019-03-19,0.0028716476078152198,-0.0017778858521927399,-0.1907111086035328
2020-02-07,0.0028727092620108863,0.001955597309210688,-0.1887555112943221
2017-07-13,0.0028833551769331667,-0.0014724596104963572,-0.19022797090481847
2017-09-14,0.0028947368421052833,0.0013119058797423921,-0.18891606502507607
2019-05-29,0.002895553257497463,-0.0008525702885797681,-0.18976863531365584
2018-06-29,0.0029207740051113706,-0.0015576106284019842,-0.19132624594205783
2018-05-21,0.0029252207211998282,0.0011118528311884202,-0.1902143931108694
2015-11-10,0.0029289347926619858,0.002534762625426401,-0.187679630485443
2020-10-26,0.0029622063329928228,-0.0006179533769706813,-0.1882975838624137
2020-02-21,0.0029988004798078283,0.0020160442433396764,-0.186281539619074
2015-07-08,0.0030058043117742184,-0.005883321934007646,-0.19216486155308166
2015-06-25,0.003006963494408099,0.0002536992202528676,-0.1919111623328288
2018-12-18,0.0030126740078950665,0.0011525530809863849,-0.1907586092518424
2015-12-21,0.0030129557095510684,0.0008116058187077613,-0.18994700343313464
2015-11-16,0.0030132788559753543,-1.8118144606726894e-05,-0.18996512157774137
2015-11-19,0.003021766965428885,-0.0005053738081601811,-0.19047049538590155
2015-09-28,0.003051934616180585,0.0014298766795888262,-0.18904061870631272
2016-05-12,0.0030719645465075995,0.0005669780158426008,-0.18847364069047012
2015-04-01,0.0030838385950242575,0.00400234000776134,-0.18447130068270878
2022-03-15,0.003088572282554658,-0.0021641767119603417,-0.18663547739466912
2020-06-11,0.0030939667648086644,0.002571315994873924,-0.1840641613997952
2022-07-11,0.003099690030996971,0.0008949483187536966,-0.1831692130810415
2021-12-14,0.0031512605042018915,-0.001207928845629147,-0.18437714192667065
2016-06-22,0.0031572617019144378,-0.0008884020703957551,-0.1852655439970664
2021-05-19,0.003167952582903144,0.00143515021808871,-0.1838303937789777
2020-09-08,0.0031734657316884185,0.0011756560162943241,-0.18265473776268337
2021-03-19,0.0032008260196181304,0.00016589829451252314,-0.18248883946817085
2017-07-11,0.0032079936891926675,-0.0005349470185808114,-0.18302378648675166
2021-03-05,0.003208445456427178,0.0008784476016048259,-0.18214533888514683
2016-04-15,0.003223694152017176,0.00020953886073726835,-0.18193580002440957
2015-06-02,0.0032247832522731557,0.003077265860082612,-0.17885853416432695
2019-03-07,0.0032369110620149577,0.002756795585127758,-0.1761017385791992
2015-06-30,0.003276955602537157,0.0005979809349607734,-0.17550375764423842
2021-03-01,0.0033661315380630885,0.0010036322368076611,-0.17450012540743076
2019-04-10,0.003369272237196963,0.0012088896366975188,-0.17329123577073324
2016-06-27,0.003393552250723575,0.00080843081885007,-0.17248280495188317
2015-08-24,0.003401360544217802,0.0022530026528162495,-0.17022980229906692
2022-06-30,0.0034080088207288917,2.1734097549686027e-05,-0.17020806820151724
2016-12-21,0.0034600262123196668,0.009360233417516906,-0.16084783478400033
2019-02-19,0.0034779050736497563,-0.006388166387521266,-0.1672360011715216
2015-04-28,0.003483606557377339,-0.0005781441062556736,-0.16781414527777727
2017-12-22,0.0034981970830418874,0.0012447870592695587,-0.1665693582185077
2017-12-15,0.0035078251484077505,0.0011168104192573747,-0.16545254779925034
2015-11-20,0.0035276073619632253,0.0023655884296200913,-0.16308695936963025
2016-12-26,0.0035306334371756343,0.00012820165516469473,-0.16295875771446555
2019-06-28,0.00354847004371317,-0.0017638670763313602,-0.1647226247907969
2017-02-20,0.0035678681987512118,0.0006813249037511682,-0.16404129988704574
2019-04-15,0.0036431768502134254,0.0005165988934956456,-0.1635247009935501
2015-11-11,0.003684372121584456,0.0001835324449404041,-0.1633411685486097
2020-11-10,0.0036849378166745606,0.0003430992724742232,-0.16299806927613547
2015-12-04,0.0036905965621838455,-0.0026157915437847734,-0.16561386081992024
2017-06-05,0.0036925673893550837,-0.0002595156743878668,-0.1658733764943081
2019-01-08,0.0037252500510307485,0.0011486406473513178,-0.1647247358469568
2020-07-16,0.003737751288009017,-0.0012811151338787408,-0.16600585098083553
2020-11-25,0.0037564966809036093,0.00019462704733097524,-0.16581122393350456
2019-06-03,0.0037619170316927075,-0.0003302930097404122,-0.16614151694324497
2017-02-16,0.003762984948060044,0.0042446270197191716,-0.1618968899235258
2015-08-04,0.0037674637643241304,-0.0003821042313891798,-0.16227899415491498
2015-04-30,0.003787297200470885,-0.00013293341796472014,-0.1624119275728797
2018-07-13,0.0038140020898640437,0.002567313694018747,-0.15984461387886095
2021-08-18,0.0038164105654314717,0.0020023922076073397,-0.1578422216712536
2016-01-06,0.0038171772978401464,0.002487262196619433,-0.15535495947463418
2017-02-08,0.003840819374799853,0.004071610959365257,-0.15128334851526892
2019-02-20,0.003848917171302313,-0.0008492077926212094,-0.15213255630789013
2017-01-18,0.003882883828313366,-0.0033665580250857863,-0.15549911433297592
2019-04-08,0.0038884280381585867,-0.001426535900875825,-0.15692565023385174
2018-04-18,0.003891869149048155,-0.0019110170589757836,-0.15883666729282753
2018-06-14,0.003910378355527433,0.001923181648811223,-0.1569134856440163
2017-04-25,0.003983646084495085,0.0006145949492899483,-0.15629889069472636
2018-06-27,0.003991596638655448,0.0017312371147835126,-0.15456765357994284
2017-11-16,0.003999567614311861,-0.0007824437930832318,-0.15535009737302607
2019-09-16,0.004018106912161201,0.0013886176428588026,-0.15396147973016727
2017-02-27,0.004020467836257424,-0.003888334581202302,-0.15784981431136957
2021-09-01,0.004097336731124779,-0.00016819851488614201,-0.15801801282625572
2016-02-03,0.004113162118779767,-0.00566612144268519,-0.1636841342689409
2015-12-18,0.0041328562068443375,0.0007994759504463822,-0.16288465831849452
2021-06-18,0.004196949534241101,0.0015971180326914691,-0.16128754028580305
2018-04-16,0.00431309904153343,0.0013736809016029472,-0.1599138593842001
2020-09-21,0.004339391464161624,0.0013399478491959993,-0.1585739115350041
2020-08-03,0.0044099756690996195,-0.0005371406809313584,-0.15911105221593547
2015-06-08,0.004411533007720347,0.0004595882322142586,-0.1586514639837212
2015-06-05,0.004421983575489508,-0.0008998774802381204,-0.15955134146395933
2019-01-16,0.004496219088493625,0.001088269725898483,-0.15846307173806085
2019-11-18,0.004556858327786628,0.0016015804722455673,-0.15686149126581528
2020-02-03,0.004558969276511116,-0.00021958800603516515,-0.15708107927185044
2017-11-23,0.0045614987781699146,-0.00021941623213972417,-0.15730049550399017
2016-12-02,0.004585519947011729,-5.465694457140735e-06,-0.1573059611984473
2015-05-20,0.004608294930875667,0.0004990449312523015,-0.156806916267195
2015-08-03,0.004614335902679567,-0.0003530750219037371,-0.15715999128909874
2016-03-08,0.00471841704718412,0.0012275634680569691,-0.15593242782104177
2017-11-01,0.004745214343488957,-0.0011205780672097765,-0.15705300588825155
2016-03-04,0.004803316816665015,-0.0020170458608017583,-0.1590700517490533
2015-04-13,0.004832948098339784,0.0017440777553889841,-0.15732597399366433
2020-07-07,0.004868154158215177,-0.00027183598021018884,-0.15759780997387451
2015-06-18,0.004894736842105063,-0.0006295247088448086,-0.15822733468271932
2015-04-14,0.0049111807732498125,-0.0002912725544603756,-0.1585186072371797
2017-06-19,0.004923528179342274,0.0027334264294971433,-0.15578518080768256
2015-08-17,0.004941386742364662,0.0012188039860623334,-0.15456637682162022
2015-07-03,0.005068637803590237,0.0033620508510190383,-0.15120432597060118
2022-08-15,0.0050688976377955,0.0024824966101539836,-0.1487218293604472
2015-09-29,0.005103092783505181,-0.0008539490217274182,-0.14957577838217462
2015-10-22,0.005363829571905621,0.003283083435971834,-0.14629269494620278
2015-04-21,0.005395960737961891,-0.003908284414019247,-0.15020097936022203
2017-06-12,0.0054182009468701775,0.0026500948596526186,-0.1475508845005694
2020-03-18,0.005573248407643394,0.0010402397251583206,-0.1465106447754111
2017-03-24,0.005638611556567197,0.0015767381411959658,-0.14493390663421513
2017-02-06,0.00573296185169303,-0.004970030863393093,-0.14990393749760822
2020-03-11,0.0057380292837356794,0.0006990873160768185,-0.1492048501815314
2017-05-15,0.0060445387062566525,-0.0016298479275096422,-0.15083469810904104
2016-05-09,0.006086118577877109,0.00312920830163943,-0.1477054898074016
2015-10-20,0.006102832731526231,0.004750320338310132,-0.14295516946909148
2018-12-28,0.006215966300215703,0.0014601995733469764,-0.1414949698957445
2017-02-07,0.006866952789699399,0.0019214064985593193,-0.13957356339718519
2016-12-28,0.00691951511367761,-0.00045067798632392186,-0.1400242413835091
2017-03-16,0.007194244604316724,0.00015452876570098972,-0.13986971261780812
2015-07-09,0.007719591070310949,-0.004359328350596159,-0.14422904096840428
2015-04-27,0.007828594973217973,-0.0009060496236409366,-0.1451350905920452
2015-08-31,0.008003326057582472,0.0005837442821454708,-0.14455134630989974
2017-02-22,0.008121934497125505,0.0019881192932982295,-0.1425632270166015
2020-04-07,0.009081537479750601,-0.0014765640303764371,-0.14403979104697795
2015-06-16,0.00933241423193154,0.0010766737882821342,-0.14296311725869582
2015-10-09,0.009408256644902524,0.0028183264698031785,-0.14014479078889264
2016-12-16,0.010620310683715495,0.0005589519650655017,-0.13958583882382714
2016-12-29,0.016040567111663018,0.003327343551858153,-0.13625849527196898
